Key,Player Name,Player Team,Season,Jersey,Position,Games Played,Games Started,Season Age,Rec Avg Yards,Rec Broken Tackles,Rec Catchable Passes,Rec Dropped Passes,Rec Longest,Rec Longest TD,Rec Receptions,Rec Red Zone Targets,Rec Targets,Rec Touchdowns,Rec Yards,Rec Yards After Catch,Rec Yards After Contact,Fumble End Zone Touch Downs,Forced Fumbles,Fumbles,Lost Fumbles,Fumbles Opponent Recovery,Fumbles Opponent Recovery Touchdowns,Fumbles Opponent Recovery Yards,Fumbles Out of Bounds,Fumbles Own Recovery,Fumbles Own Recovery Touchdowns,Fumbles Own Recovery Yards,Penalties,Penalty Yards,Rush Attempts,Rush Avg Yards,Rush Broken Tackles,Rush Kneel Downs,Rush Longest,Rush Longest TD,Rush Red Zone Attempts,Rush Scrambles,Rush Tackles for Loss,Rush Tackles for Loss Yards,Rush Touchdowns,Rush Yards,Rush Yards After Contact,Punt Attempts,Punt Avg Hang Time,Punt Avg Net Yards,Punt Avg Yards,Punt Blocked,Punt Hangtime,Punt Inside 20,Punt Longest,Punt Net Yards,Punt Return Yards,Punt Touchbacks,Punt Yards,Punt Returns Avg Yards,Punt Returns Fair Catches,Punt Returns Longest,Punt Returns Longest TD,Punt Returns Returns,Punt Returns Touchdowns,Punt Returns Yards,Passing Avg Yards,Passing Blitzes,Passing Completion Pct,Passing Completions,Passing Defended Passes,Passing Dropped Passes,Passing Gross Yards,Passing Hurries,Passing Interceptions,Passing Knockdowns,Passing Longest,Passing Longest TD,Passing Net Yds,Passing Pocket Time,Passing Rating,Passing Redzone Attempts,Passing Sack Yds,Passing Sacks,Passing Spikes,Passing Throw Away,Passing Touchdowns,Passing Yards,Kick Return Yards,Kick Return Avg Yards,Kick Return Fair Catches,Kick Return Longest,Kick Return Returns,Kick Return Touchdowns,Kick Off End Zone,Kick Off Inside 20,Kick Off Kick Offs,Kick Off Onside Attempts,Kick Off Onside Successes,Kick Off OOB,Kick Off Ret Yds,Kick Off Squib Kicks,Kick Off Touchbacks,Kick Off Yds,Int Ret Avg Yds,Int Ret Longest,Int Ret Longest TD,Int Ret Returns,Int Ret Touchdowns,Int Ret Yds,Field Goal Attempts,Field Goal Avg Yards,Field Goal Blocked,Field Goal Longest,Field Goal Made,Field Goal Yards,Extra Pts Attempts,Extra Pts Blocked,Extra Pts Made,Def Assisted Tackles,Def Blitzes,Def Combined Tackles,Def Defensive Completions,Def Defensive Targets,Def Forced Fumbles,Def Fumble Recoveries,Def Hurries,Def Interceptions,Def Knockdowns,Def Misc Assists,Def Misc Forced Fumbles,Def Misc Fumble Recoveries,Def Misc Tackles,Def Missed Tackles,Def Passes Defended,Def QB Hits,Def Sack Yards,Def Sacks,Def Safeties,Def Special Team Assists,Def Special Team Bocks,Def Special Team Forced Fumbles,Def Special Team Fumble Recoveries,Def Special Team Tackles,Def Tackles,Def Tackles for Loss,Def Tackles for Loss Yards,Converse Defense Attempts,Converse Defense Success,Converse Pass Attempts,Converse Pass Success,Converse Rec Attempts,Converse Rec Success,Converse Rush Attempts,Converse Rush Success,Converse Turnover Success
a527b7db-0b52-4379-9e4c-2e08c1fe1bed 2012 97354895-8c77-4fd4-a860-32e62ea7382a,Stephen Gostkowski,Patriots,2012,3,K,16,0,28,,,,,,,,,,,,,,,,,,,,,,,,,,,,,,,,,,,,,,,,,,,,,,,,,,,,,,,,,,,,,,,,,,,,,,,,,,,,,,,,,,,,,,,35.0,20.0,111.0,1.0,0.0,0.0,1220.0,0.0,52.0,7061.0,,,,,,,35.0,29.714,0.0,53.0,29.0,1040.0,66.0,0.0,66.0,0.0,0.0,0.0,0.0,0.0,0.0,0.0,0.0,0.0,0.0,0.0,0.0,0.0,0.0,0.0,0.0,0.0,0.0,0.0,0.0,1.0,0.0,0.0,0.0,1.0,0.0,0.0,0.0,,,,,,,,,
a527b7db-0b52-4379-9e4c-2e08c1fe1bed 2013 97354895-8c77-4fd4-a860-32e62ea7382a,Stephen Gostkowski,Patriots,2013,3,K,16,0,29,,,,,,,,,,,,,,,,,,,,,,,,,,,,,,,,,,,,,,,,,,,,,,,,,,,,,,,,,,,,,,,,,,,,,,,,,,,,,,,,,,,,,,,19.0,15.0,99.0,1.0,1.0,1.0,664.0,0.0,65.0,6315.0,,,,,,,41.0,34.171,0.0,54.0,38.0,1401.0,44.0,0.0,44.0,0.0,0.0,0.0,0.0,0.0,0.0,0.0,0.0,0.0,0.0,0.0,0.0,0.0,0.0,0.0,0.0,0.0,0.0,0.0,0.0,1.0,0.0,0.0,0.0,0.0,0.0,0.0,0.0,,,,,,,,,
a527b7db-0b52-4379-9e4c-2e08c1fe1bed 2014 97354895-8c77-4fd4-a860-32e62ea7382a,Stephen Gostkowski,Patriots,2014,3,K,16,0,30,,,,,,,,,,,,,,,,,,,,,,,,,,,,,,,,,,,,,,,,,,,,,,,,,,,,,,,,,,,,,,,,,,,,,,,,,,,,,,,,,,,,,,,23.0,16.0,99.0,0.0,0.0,1.0,955.0,0.0,53.0,6328.0,,,,,,,37.0,33.595,0.0,53.0,35.0,1243.0,51.0,0.0,51.0,0.0,0.0,0.0,0.0,0.0,0.0,0.0,0.0,0.0,0.0,0.0,0.0,0.0,0.0,0.0,0.0,0.0,0.0,0.0,0.0,0.0,0.0,0.0,0.0,1.0,0.0,0.0,0.0,,,,,,,,,
a527b7db-0b52-4379-9e4c-2e08c1fe1bed 2015 97354895-8c77-4fd4-a860-32e62ea7382a,Stephen Gostkowski,Patriots,2015,3,K,16,0,31,,,,,,,,,,,,,,,,,,,,,,,,,,,,,,,,,,,,,,,,,,,,,,,,,,,,,,,,,,,,,,,,,,,,,,,,,,,,,,,,,,,,,,,20.0,15.0,99.0,2.0,2.0,0.0,526.0,3.0,69.0,6249.0,,,,,,,36.0,35.25,0.0,57.0,33.0,1269.0,52.0,0.0,52.0,,,,,,,,,,,,,,,,,,,,,,,,,,,,,,,,,,,,,
a527b7db-0b52-4379-9e4c-2e08c1fe1bed 2016 97354895-8c77-4fd4-a860-32e62ea7382a,Stephen Gostkowski,Patriots,2016,3,K,16,0,32,,,,,,,,,,,,,,,,,,,,,,,,,,,,,,,,,,,,,,,,,,,,,,,,,,,,,,,,,,,,,,,,,,,,,,,,,,,,,,,,,,,,,,,15.0,16.0,93.0,0.0,0.0,1.0,771.0,1.0,52.0,5924.0,,,,,,,32.0,30.031,0.0,53.0,27.0,961.0,49.0,0.0,46.0,,,,,,,,,,,,,,,,,,,,,,,,,,,,,,,,,,,,,
a527b7db-0b52-4379-9e4c-2e08c1fe1bed 2017 97354895-8c77-4fd4-a860-32e62ea7382a,Stephen Gostkowski,Patriots,2017,3,K,16,0,33,,,,,,,,,,,,,,,,,,,,,,,,,,,,,,,,,,,,,,,,,,,,,,,,,,,,,,,,,,,,,,,,,,,,,,,,,,,,,,,,,,,,,,,20.0,20.0,99.0,1.0,0.0,0.0,1095.0,2.0,40.0,6228.0,,,,,,,40.0,32.175,0.0,62.0,37.0,1287.0,47.0,0.0,45.0,,,,,,,,,,,,,,,,,,,,,,,,,,,,,,,,,,,,,
a527b7db-0b52-4379-9e4c-2e08c1fe1bed 2018 97354895-8c77-4fd4-a860-32e62ea7382a,Stephen Gostkowski,Patriots,2018,3,K,16,0,34,,,,,,,,,,,,,,,,,,,,,,,,,,,,,,,,,,,,,,,,,,,,,,,,,,,,,,,,,,,,,,,,,,,,,,,,,,,,,,,,,,,,,,,14.0,5.0,93.0,0.0,0.0,0.0,1034.0,2.0,50.0,5784.0,,,,,,,32.0,28.469,0.0,52.0,27.0,911.0,50.0,0.0,49.0,,,,,,,,,,,,,,,,,,,,,,,,,,,,,,,,,,,,,
e017e12b-07a7-4a35-b837-2faa9ffe3ce8 2012 ad4ae08f-d808-42d5-a1e6-e9bc4e34d123,Mike Nugent,Bengals,2012,6,K,12,0,30,,,,,,,,,,,,,,,,,,,,,,,,,,,,,,,,,,,,,,,,,,,,,,,,,,,,,,,,,,,,,,,,,,,,,,,,,,,,,,,,,,,,,,,30.0,17.0,65.0,1.0,0.0,0.0,1116.0,0.0,21.0,4252.0,,,,,,,23.0,29.043000000000006,0.0,55.0,19.0,668.0,35.0,0.0,35.0,0.0,0.0,0.0,0.0,0.0,0.0,0.0,0.0,0.0,0.0,0.0,0.0,0.0,0.0,0.0,0.0,0.0,0.0,0.0,0.0,0.0,0.0,0.0,0.0,1.0,0.0,0.0,0.0,,,,,,,,,
e017e12b-07a7-4a35-b837-2faa9ffe3ce8 2013 ad4ae08f-d808-42d5-a1e6-e9bc4e34d123,Mike Nugent,Bengals,2013,2,K,16,0,31,,,,,,,,,,,,,,,,,,,,,,,,,,,,,,,,,,,,,,,,2.0,2.7,40.0,40.0,0.0,5.4,0.0,43.0,80.0,0.0,0.0,80.0,,,,,,,,,,,,,,,,,,,,,,,,,,,,,,,,,,,,33.0,9.0,86.0,1.0,0.0,1.0,1219.0,0.0,32.0,5428.0,,,,,,,22.0,33.318000000000005,0.0,54.0,18.0,733.0,52.0,1.0,52.0,0.0,0.0,0.0,0.0,0.0,0.0,0.0,0.0,0.0,0.0,0.0,0.0,0.0,0.0,0.0,0.0,0.0,0.0,0.0,0.0,0.0,0.0,0.0,0.0,3.0,0.0,0.0,0.0,,,,,,,,,
e017e12b-07a7-4a35-b837-2faa9ffe3ce8 2014 ad4ae08f-d808-42d5-a1e6-e9bc4e34d123,Mike Nugent,Bengals,2014,2,K,16,0,32,,,,,,,,,,,,,,,,,,,,,,,,,,,,,,,,,,,,,,,,,,,,,,,,,,,,,,,,,,,,,,,,,,,,,,,,,,,,,,,,,,,,,,,37.0,15.0,81.0,1.0,0.0,0.0,1123.0,0.0,37.0,5316.0,,,,,,,33.0,29.469,1.0,49.0,26.0,943.0,39.0,0.0,39.0,0.0,0.0,0.0,0.0,0.0,0.0,0.0,0.0,0.0,0.0,0.0,0.0,0.0,0.0,0.0,0.0,0.0,0.0,0.0,0.0,1.0,0.0,0.0,0.0,1.0,0.0,0.0,0.0,,,,,,,,,
e017e12b-07a7-4a35-b837-2faa9ffe3ce8 2015 ad4ae08f-d808-42d5-a1e6-e9bc4e34d123,Mike Nugent,Bengals,2015,1,K,16,0,33,,,,,,,,,,,,,,,,,,,,,,,,,,,,,,,,,,,,,,,,,,,,,,,,,,,,,,,,,,,,,,,,,,,,,,,,,,,,,,,,,,,,,,,34.0,20.0,89.0,1.0,0.0,0.0,1041.0,1.0,42.0,5786.0,,,,,,,28.0,31.704,1.0,52.0,23.0,856.0,48.0,1.0,48.0,0.0,0.0,0.0,0.0,0.0,0.0,0.0,0.0,0.0,0.0,0.0,0.0,0.0,0.0,0.0,0.0,0.0,0.0,0.0,0.0,0.0,0.0,0.0,0.0,1.0,0.0,0.0,0.0,,,,,,,,,
e017e12b-07a7-4a35-b837-2faa9ffe3ce8 2016 ad4ae08f-d808-42d5-a1e6-e9bc4e34d123,Mike Nugent,Bengals,2016,1,K,13,0,34,,,,,,,,,,,,,,,,,,,,,,,,,,,,,,,,,,,,,,,,,,,,,,,,,,,,,,,,,,,,,,,,,,,,,,,,,,,,,,,,,,,,,,,17.0,14.0,63.0,1.0,0.0,0.0,780.0,1.0,28.0,3970.0,,,,,,,29.0,25.724,0.0,47.0,23.0,746.0,29.0,0.0,23.0,0.0,0.0,0.0,0.0,0.0,0.0,0.0,0.0,0.0,0.0,0.0,0.0,0.0,0.0,0.0,0.0,0.0,0.0,0.0,0.0,1.0,0.0,0.0,0.0,1.0,0.0,0.0,0.0,,,,,,,,,
e017e12b-07a7-4a35-b837-2faa9ffe3ce8 2017 e627eec7-bbae-4fa4-8e73-8e1d6bc5c060,Mike Nugent,Cowboys,2017,1,K,4,0,35,,,,,,,,,,,,,,,,,,,,,,,,,,,,,,,,,,,,,,,,,,,,,,,,,,,,,,,,,,,,,,,,,,,,,,,,,,,,,,,,,,,,,,,5.0,0.0,19.0,0.0,0.0,0.0,190.0,0.0,11.0,1246.0,,,,,,,9.0,30.0,0.0,48.0,7.0,270.0,8.0,0.0,8.0,,,,,,,,,,,,,,,,,,,,,,,,,,,,,,,,,,,,,
e017e12b-07a7-4a35-b837-2faa9ffe3ce8 2017 7b112545-38e6-483c-a55c-96cf6ee49cb8,Mike Nugent,Bears,2017,6,K,4,0,35,,,,,,,,,,,,,,,,,,,,,,,,,,,,,,,,,,,,,,,,,,,,,,,,,,,,,,,,,,,,,,,,,,,,,,,,,,,,,,,,,,,,,,,2.0,2.0,17.0,0.0,0.0,0.0,157.0,2.0,7.0,1016.0,,,,,,,4.0,39.25,0.0,55.0,4.0,157.0,9.0,1.0,7.0,,,,,,,,,,,,,,,,,,,,,,,,,,,,,,,,,,,,,
e017e12b-07a7-4a35-b837-2faa9ffe3ce8 2018 1c1cec48-6352-4556-b789-35304c1a6ae1,Mike Nugent,Raiders,2018,6,K,3,0,36,,,,,,,,,,,,,,,,,,,,,,,,,,,,,,,,,,,,,,,,,,,,,,,,,,,,,,,,,,,,,,,,,,,,,,,,,,,,,,,,,,,,,,,5.0,1.0,14.0,1.0,0.0,0.0,180.0,0.0,6.0,858.0,,,,,,,6.0,36.833,0.0,52.0,6.0,221.0,5.0,1.0,4.0,,,,,,,,,,,,,,,,,,,,,,,,,,,,,,,,,,,,,
e5247e5f-c4af-4a9b-8c7c-da75ef7fbf8d 2012 d5a2eb42-8065-4174-ab79-0a6fa820e35e,Phil Dawson,Browns,2012,4,K,16,0,37,,,,,,,,,,,,,,,,,,,,,,,,,,,,,,,,,,,,,,,,,,,,,,,,,,,,,,,,,,,,,,,,,,,,,,,,,,,,,,,,,,,,,,,25.0,21.0,77.0,2.0,0.0,1.0,853.0,0.0,30.0,4820.0,,,,,,,31.0,36.2,1.0,53.0,29.0,1086.0,29.0,0.0,29.0,,,,,,,,,,,,,,,,,,,,,,,,,,,,,,,,,,,,,
e5247e5f-c4af-4a9b-8c7c-da75ef7fbf8d 2013 f0e724b0-4cbf-495a-be47-013907608da9,Phil Dawson,49ers,2013,4,K,16,0,38,,,,,,,,,,,,,,,,,,,,,,,,,,,,,,,,,,,,,,,,,,,,,,,,,,,,,,,,,,,,,,,,,,,,,,,,,,,,,,,,,,,,,,,27.0,23.0,91.0,0.0,0.0,0.0,1080.0,0.0,38.0,5896.0,,,,,,,36.0,32.417,0.0,56.0,32.0,1167.0,44.0,0.0,44.0,,,,,,,,,,,,,,,,,,,,,,,,,,,,,,,,,,,,,
e5247e5f-c4af-4a9b-8c7c-da75ef7fbf8d 2014 f0e724b0-4cbf-495a-be47-013907608da9,Phil Dawson,49ers,2014,4,K,16,0,39,,,,,,,,,,,,,,,,,,,,,,,,,,,,,,,,,,,,,,,,,,,,,,,,,,,,,,,,,,,,,,,,,,,,,,,,,,,,,,,,,,,,,,,23.0,12.0,73.0,1.0,0.0,0.0,907.0,0.0,32.0,4721.0,,,,,,,31.0,31.6,1.0,55.0,25.0,948.0,33.0,0.0,33.0,0.0,0.0,0.0,0.0,0.0,0.0,0.0,0.0,0.0,0.0,0.0,0.0,0.0,0.0,0.0,0.0,0.0,0.0,0.0,0.0,0.0,0.0,0.0,0.0,1.0,0.0,0.0,0.0,,,,,,,,,
e5247e5f-c4af-4a9b-8c7c-da75ef7fbf8d 2015 f0e724b0-4cbf-495a-be47-013907608da9,Phil Dawson,49ers,2015,4,K,16,0,40,,,,,,,,,,,,,,,,,,,,,,,,,,,,,,,,,,,,,,,,1.0,4.38,47.0,48.0,0.0,4.38,0.0,48.0,47.0,1.0,0.0,48.0,,,,,,,,,,,,,,,,,,,,,,,,,,,,,,,,,,,,1.0,0.0,6.0,2.0,1.0,0.0,115.0,0.0,0.0,268.0,,,,,,,27.0,33.92,2.0,54.0,24.0,848.0,20.0,1.0,20.0,,,,,,,,,,,,,,,,,,,,,,,,,,,,,,,,,,,,,
e5247e5f-c4af-4a9b-8c7c-da75ef7fbf8d 2016 f0e724b0-4cbf-495a-be47-013907608da9,Phil Dawson,49ers,2016,4,K,16,0,41,,,,,,,,,,,,,,,,,,,,,,,,,,,,,,,,,,,,,,,,,,,,,,,,,,,,,,,,,,,,,,,,,,,,,,,,,,,,,,,,,,,,,,,5.0,8.0,41.0,3.0,0.0,1.0,687.0,2.0,4.0,2304.0,,,,,,,21.0,33.429,0.0,53.0,18.0,702.0,34.0,0.0,33.0,,,,,,,,,,,,,,,,,,,,,,,,,,,,,,,,,,,,,
e5247e5f-c4af-4a9b-8c7c-da75ef7fbf8d 2017 de760528-1dc0-416a-a978-b510d20692ff,Phil Dawson,Cardinals,2017,4,K,16,0,42,,,,,,,,,,,,,,,,,,,,,,,,,,,,,,,,,,,,,,,,,,,,,,,,,,,,,,,,,,,,,,,,,,,,,,,,,,,,,,,,,,,,,,,18.0,9.0,76.0,2.0,0.0,1.0,863.0,3.0,34.0,4647.0,,,,,,,40.0,31.132,2.0,57.0,32.0,1183.0,26.0,2.0,23.0,0.0,0.0,0.0,0.0,0.0,0.0,0.0,0.0,0.0,0.0,0.0,0.0,0.0,0.0,0.0,0.0,0.0,0.0,0.0,0.0,0.0,0.0,0.0,0.0,1.0,0.0,0.0,0.0,,,,,,,,,
e5247e5f-c4af-4a9b-8c7c-da75ef7fbf8d 2018 de760528-1dc0-416a-a978-b510d20692ff,Phil Dawson,Cardinals,2018,4,K,10,0,43,,,,,,,,,,,,,,,,,,,,,,,,,,,,,,,,,,,,,,,,,,,,,,,,,,,,,,,,,,,,,,,,,,,,,,,,,,,,,,,,,,,,,,,5.0,3.0,32.0,1.0,0.0,1.0,357.0,0.0,14.0,1982.0,,,,,,,8.0,19.125,0.0,43.0,5.0,153.0,15.0,0.0,15.0,,,,,,,,,,,,,,,,,,,,,,,,,,,,,,,,,,,,,
20a0bad2-d530-4ff4-a2df-5c0a21a1f5db 2012 ebd87119-b331-4469-9ea6-d51fe3ce2f1c,Justin Tucker,Ravens,2012,9,K,16,0,23,,,,,,,,,,,,,,,,,,,,,,,,,,,,,,,,,,,,,,,,,,,,,,,,,,,,,,,,,,,,,,,,,,,,,,,,,,,,,,,,,,,,,,,30.0,16.0,88.0,3.0,0.0,0.0,842.0,0.0,49.0,5607.0,,,,,,,33.0,35.212,0.0,56.0,30.0,1162.0,42.0,0.0,42.0,0.0,0.0,0.0,0.0,0.0,0.0,0.0,0.0,0.0,0.0,0.0,0.0,0.0,0.0,0.0,0.0,0.0,0.0,0.0,0.0,0.0,0.0,0.0,0.0,1.0,0.0,0.0,0.0,,,,,,,,,
20a0bad2-d530-4ff4-a2df-5c0a21a1f5db 2013 ebd87119-b331-4469-9ea6-d51fe3ce2f1c,Justin Tucker,Ravens,2013,9,K,16,0,24,,,,,,,,,,,,,,,,,,,,,,,,,1.0,5.0,,,,,,,,,,,,,,,,,,,,,,,,,,,,,,,,,,,,,,,,,,,,,,,,,,,,,,,,,,,,,24.0,6.0,82.0,1.0,0.0,1.0,873.0,0.0,42.0,5114.0,,,,,,,41.0,34.829,0.0,61.0,38.0,1428.0,26.0,0.0,26.0,,,,,,,,,,,,,,,,,,,,,,,,,,,,,,,,,,,,,
20a0bad2-d530-4ff4-a2df-5c0a21a1f5db 2014 ebd87119-b331-4469-9ea6-d51fe3ce2f1c,Justin Tucker,Ravens,2014,9,K,16,0,25,,,,,,,,,,,,,,,,,,,,,,,,,,,,,,,,,,,,,,,,,,,,,,,,,,,,,,,,,,,,,,,,,,,,,,,,,,,,,,,,,,,,,,,21.0,14.0,88.0,2.0,0.0,1.0,601.0,0.0,60.0,5704.0,,,,,,,34.0,30.485,1.0,55.0,29.0,1006.0,42.0,0.0,42.0,,,,,,,,,,,,,,,,,,,,,,,,,,,,,,,,,,,,,
20a0bad2-d530-4ff4-a2df-5c0a21a1f5db 2015 ebd87119-b331-4469-9ea6-d51fe3ce2f1c,Justin Tucker,Ravens,2015,9,K,16,0,26,,,,,,,,,,,,,,,,,,,,,,,,,,,,,,,,,,,,,,,,,,,,,,,,,,,,,,,,,,,,,,,,,,,,,,,,,,,,,,,,,,,,,,,7.0,5.0,74.0,1.0,0.0,0.0,229.0,0.0,63.0,4753.0,,,,,,,40.0,30.325,0.0,52.0,33.0,1213.0,29.0,0.0,29.0,0.0,0.0,0.0,0.0,0.0,0.0,0.0,0.0,0.0,0.0,0.0,0.0,0.0,0.0,0.0,0.0,0.0,0.0,0.0,0.0,0.0,0.0,0.0,0.0,1.0,0.0,0.0,0.0,,,,,,,,,
20a0bad2-d530-4ff4-a2df-5c0a21a1f5db 2016 ebd87119-b331-4469-9ea6-d51fe3ce2f1c,Justin Tucker,Ravens,2016,9,K,16,0,27,,,,,,,,,,,,,,,,,,,,,,,,,,,,,,,,,,,,,,,,,,,,,,,,,,,,,,,,,,,0.0,0.0,0.0,0.0,0.0,0.0,0.0,0.0,0.0,0.0,0.0,0.0,0.0,0.0,39.6,1.0,0.0,0.0,0.0,0.0,0.0,0.0,,,,,,,8.0,6.0,80.0,1.0,0.0,1.0,540.0,0.0,52.0,5039.0,,,,,,,39.0,42.132,1.0,57.0,38.0,1601.0,27.0,0.0,27.0,,,,,,,,,,,,,,,,,,,,,,,,,,,,,,,,,,,,,
20a0bad2-d530-4ff4-a2df-5c0a21a1f5db 2017 ebd87119-b331-4469-9ea6-d51fe3ce2f1c,Justin Tucker,Ravens,2017,9,K,16,0,28,,,,,,,,,,,,,,,,,,,,,,,,,1.0,5.0,,,,,,,,,,,,,,,,,,,,,,,,,,,,,,,,,,,,,,,,,,,,,,,,,,,,,,,,,,,,,5.0,12.0,90.0,2.0,0.0,0.0,615.0,1.0,55.0,5601.0,,,,,,,37.0,36.583,1.0,57.0,34.0,1317.0,39.0,0.0,39.0,0.0,0.0,0.0,0.0,0.0,0.0,0.0,0.0,0.0,0.0,0.0,0.0,0.0,0.0,0.0,0.0,0.0,0.0,0.0,0.0,0.0,0.0,0.0,0.0,3.0,0.0,0.0,0.0,,,,,,,,,
20a0bad2-d530-4ff4-a2df-5c0a21a1f5db 2018 ebd87119-b331-4469-9ea6-d51fe3ce2f1c,Justin Tucker,Ravens,2018,9,K,16,0,29,,,,,,,,,,,,,,,,,,,,,,,,,,,,,,,,,,,,,,,,,,,,,,,,,,,,,,,,,,,,,,,,,,,,,,,,,,,,,,,,,,,,,,,15.0,5.0,92.0,1.0,0.0,1.0,745.0,3.0,58.0,5765.0,,,,,,,39.0,34.811,2.0,56.0,35.0,1288.0,37.0,0.0,36.0,,,,,,,,,,,,,,,,,,,,,,,,,,,,,,,,,,,,,
9ecf8040-10f9-4a5c-92da-1b4d77bd6760 2012 82cf9565-6eb9-4f01-bdbd-5aa0d472fcd9,Adam Vinatieri,Colts,2012,4,K,16,0,40,,,,,,,,,,,,,,,,,,,,,,,,,2.0,10.0,,,,,,,,,,,,,,,,,,,,,,,,,,,,,,,,,,,,,,,,,,,,,,,,,,,,,,,,,,,,,,,,,,,,,,,,,,,,,33.0,31.0,2.0,53.0,26.0,961.0,37.0,0.0,37.0,,,,,,,,,,,,,,,,,,,,,,,,,,,,,,,,,,,,,
9ecf8040-10f9-4a5c-92da-1b4d77bd6760 2013 82cf9565-6eb9-4f01-bdbd-5aa0d472fcd9,Adam Vinatieri,Colts,2013,4,K,15,0,41,,,,,,,,,,,,,,,,,,,,,,,,,,,,,,,,,,,,,,,,,,,,,,,,,,,,,,,,,,,,,,,,,,,,,,,,,,,,,,,,,,,,,,,,,,,,,,,,,,,,,,,40.0,35.0,1.0,52.0,35.0,1365.0,34.0,0.0,34.0,,,,,,,,,,,,,,,,,,,,,,,,,,,,,,,,,,,,,
9ecf8040-10f9-4a5c-92da-1b4d77bd6760 2014 82cf9565-6eb9-4f01-bdbd-5aa0d472fcd9,Adam Vinatieri,Colts,2014,4,K,16,0,42,,,,,,,,,,,,,,,,,,,,,,,,,,,,,,,,,,,,,,,,,,,,,,,,,,,,,,,,,,,,,,,,,,,,,,,,,,,,,,,,,,,,,,,,,,,,,,,,,,,,,,,31.0,33.839,0.0,53.0,30.0,1049.0,50.0,0.0,50.0,,,,,,,,,,,,,,,,,,,,,,,,,,,,,,,,,,,,,
9ecf8040-10f9-4a5c-92da-1b4d77bd6760 2015 82cf9565-6eb9-4f01-bdbd-5aa0d472fcd9,Adam Vinatieri,Colts,2015,4,K,16,0,43,,,,,,,,,,,,,,,,,,,,,,,,,,,,,,,,,,,,,,,,,,,,,,,,,,,,,,,,,,,,,,,,,,,,,,,,,,,,,,,,,,,,,,,,,,,,,,,,,,,,,,,27.0,35.593,0.0,55.0,25.0,961.0,34.0,1.0,32.0,,,,,,,,,,,,,,,,,,,,,,,,,,,,,,,,,,,,,
9ecf8040-10f9-4a5c-92da-1b4d77bd6760 2016 82cf9565-6eb9-4f01-bdbd-5aa0d472fcd9,Adam Vinatieri,Colts,2016,4,K,16,0,44,,,,,,,,,,,,,,,,,,,,,,,,,,,,,,,,,,,,,,,,,,,,,,,,,,,,,,,,,,,,,,,,,,,,,,,,,,,,,,,,,,,,,,,,,,,,,,,,,,,,,,,31.0,36.806,0.0,54.0,27.0,1141.0,44.0,0.0,44.0,,,,,,,,,,,,,,,,,,,,,,,,,,,,,,,,,,,,,
9ecf8040-10f9-4a5c-92da-1b4d77bd6760 2017 82cf9565-6eb9-4f01-bdbd-5aa0d472fcd9,Adam Vinatieri,Colts,2017,4,K,15,0,45,,,,,,,,,,,,,,,,,,,,,,,,,,,,,,,,,,,,,,,,,,,,,,,,,,,,,,,,,,,,,,,,,,,,,,,,,,,,,,,,,,,,,,,,,,,,,,,,,,,,,,,34.0,32.061,1.0,54.0,29.0,1058.0,24.0,0.0,22.0,,,,,,,,,,,,,,,,,,,,,,,,,,,,,,,,,,,,,
9ecf8040-10f9-4a5c-92da-1b4d77bd6760 2018 82cf9565-6eb9-4f01-bdbd-5aa0d472fcd9,Adam Vinatieri,Colts,2018,4,K,16,0,46,,,,,,,,,,,,,,,,,,,,,,,,,,,,,,,,,,,,,,,,,,,,,,,,,,,,,,,,,,,,,,,,,,,,,,,,,,,,,,,,,,,,,,,,,,,,,,,,,,,,,,,27.0,30.556,0.0,54.0,23.0,825.0,47.0,0.0,44.0,,,,,,,,,,,,,,,,,,,,,,,,,,,,,,,,,,,,,
67f5e782-f91c-4536-9818-cf4a0e7e821d 2012 ce92bd47-93d5-4fe9-ada4-0fc681e6caa0,Matt Prater,Broncos,2012,5,K,16,0,28,,,,,,,,,,,,,,,,,,,,,,,,,,,,,,,,,,,,,,,,,,,,,,,,,,,,,,,,,,,0.0,0.0,0.0,0.0,0.0,0.0,0.0,0.0,0.0,0.0,0.0,0.0,0.0,0.0,39.6,0.0,0.0,0.0,0.0,0.0,0.0,0.0,,,,,,,17.0,7.0,98.0,0.0,0.0,0.0,735.0,0.0,65.0,6254.0,,,,,,,32.0,27.781,0.0,53.0,26.0,889.0,55.0,0.0,55.0,0.0,0.0,0.0,0.0,0.0,0.0,0.0,0.0,0.0,0.0,0.0,0.0,0.0,0.0,0.0,0.0,0.0,0.0,0.0,0.0,1.0,0.0,0.0,0.0,2.0,0.0,0.0,0.0,,,,,,,,,
67f5e782-f91c-4536-9818-cf4a0e7e821d 2013 ce92bd47-93d5-4fe9-ada4-0fc681e6caa0,Matt Prater,Broncos,2013,5,K,16,0,29,,,,,,,,,,,,,,,,,,,,,,,,,,,,,,,,,,,,,,,,,,,,,,,,,,,,,,,,,,,,,,,,,,,,,,,,,,,,,,,,,,,,,,,26.0,11.0,114.0,2.0,0.0,1.0,920.0,0.0,81.0,7348.0,,,,,,,26.0,37.962,0.0,64.0,25.0,987.0,75.0,0.0,75.0,,,,,,,,,,,,,,,,,,,,,,,,,,,,,,,,,,,,,
67f5e782-f91c-4536-9818-cf4a0e7e821d 2014 c5a59daa-53a7-4de0-851f-fb12be893e9e,Matt Prater,Lions,2014,5,K,11,0,30,,,,,,,,,,,,,,,,,,,,,,,,,,,,,,,,,,,,,,,,,,,,,,,,,,,,,,,,,,,,,,,,,,,,,,,,,,,,,,,,,,,,,,,,,,,,,,,,,,,,,,,26.0,31.25,2.0,52.0,21.0,750.0,21.0,0.0,21.0,,,,,,,,,,,,,,,,,,,,,,,,,,,,,,,,,,,,,
67f5e782-f91c-4536-9818-cf4a0e7e821d 2015 c5a59daa-53a7-4de0-851f-fb12be893e9e,Matt Prater,Lions,2015,5,K,16,0,31,,,,,,,,,,,,,,,,,,,,,,,,,,,,,,,,,,,,,,,,,,,,,,,,,,,,,,,,,,,,,,,,,,,,,,,,,,,,,,,,,,,,,,,0.0,1.0,4.0,0.0,0.0,0.0,52.0,1.0,0.0,223.0,,,,,,,24.0,37.167,0.0,59.0,22.0,892.0,38.0,1.0,36.0,,,,,,,,,,,,,,,,,,,,,,,,,,,,,,,,,,,,,
67f5e782-f91c-4536-9818-cf4a0e7e821d 2016 c5a59daa-53a7-4de0-851f-fb12be893e9e,Matt Prater,Lions,2016,5,K,16,0,32,,,,,,,,,,,,,,,,,,,,,,,,,,,,,,,,,,,,,,,,,,,,,,,,,,,,,,,,,,,,,,,,,,,,,,,,,,,,,,,,,,,,,,,1.0,0.0,2.0,0.0,0.0,0.0,32.0,0.0,1.0,116.0,,,,,,,36.0,33.861,0.0,58.0,31.0,1219.0,33.0,1.0,31.0,,,,,,,,,,,,,,,,,,,,,,,,,,,,,,,,,,,,,
67f5e782-f91c-4536-9818-cf4a0e7e821d 2017 c5a59daa-53a7-4de0-851f-fb12be893e9e,Matt Prater,Lions,2017,5,K,16,0,33,,,,,,,,,,,,,,,,,,,,,,,,,,,,,,,,,,,,,,,,4.0,3.639,34.75,34.75,0.0,14.554,1.0,47.0,139.0,0.0,0.0,139.0,,,,,,,,,,,,,,,,,,,,,,,,,,,,,,,,,,,,1.0,5.0,17.0,1.0,0.0,0.0,149.0,0.0,6.0,977.0,,,,,,,35.0,33.314,0.0,58.0,30.0,1166.0,41.0,0.0,40.0,,,,,,,,,,,,,,,,,,,,,,,,,,,,,,,,,,,,,
67f5e782-f91c-4536-9818-cf4a0e7e821d 2018 c5a59daa-53a7-4de0-851f-fb12be893e9e,Matt Prater,Lions,2018,5,K,16,0,34,,,,,,,,,,,,,,,,,,,,,,,,,,,,,,,,,,,,,,,,,,,,,,,,,,,,,,,,,,,8.0,0.0,100.0,1.0,0.0,0.0,8.0,0.0,0.0,0.0,8.0,8.0,8.0,0.0,139.6,1.0,0.0,0.0,0.0,0.0,1.0,8.0,,,,,,,0.0,1.0,6.0,0.0,0.0,0.0,40.0,0.0,3.0,343.0,,,,,,,32.0,31.469,0.0,54.0,28.0,1007.0,30.0,0.0,30.0,,,,,,,,,,,,,,,,,,,,,,,,,,,,,,,,,,,,,
ecc4f0c1-64e0-46cc-9b58-91c2b215e62a 2012 6680d28d-d4d2-49f6-aace-5292d3ec02c2,Ryan Succop,Chiefs,2012,4,K,16,0,26,,,,,,,,,,,,,,,,,,,,,,,,,,,,,,,,,,,,,,,,,,,,,,,,,,,,,,,,,,,,,,,,,,,,,,,,,,,,,,,,,,,,,,,22.0,6.0,58.0,2.0,0.0,2.0,690.0,0.0,27.0,3579.0,,,,,,,34.0,30.941,0.0,52.0,28.0,1052.0,17.0,0.0,17.0,0.0,0.0,0.0,0.0,0.0,0.0,0.0,0.0,0.0,0.0,0.0,0.0,0.0,0.0,0.0,0.0,0.0,0.0,0.0,0.0,0.0,0.0,0.0,0.0,2.0,0.0,0.0,0.0,,,,,,,,,
ecc4f0c1-64e0-46cc-9b58-91c2b215e62a 2013 6680d28d-d4d2-49f6-aace-5292d3ec02c2,Ryan Succop,Chiefs,2013,4,K,16,0,27,,,,,,,,,,,,,,,,,,,,,,,,,,,,,,,,,,,,,,,,1.0,2.4,9.0,29.0,0.0,2.4,0.0,29.0,9.0,0.0,1.0,29.0,,,,,,,,,,,,,,,,,,,,,,,,,,,,,,,,,,,,30.0,12.0,91.0,0.0,0.0,2.0,1025.0,0.0,47.0,5860.0,,,,,,,28.0,28.296,1.0,51.0,22.0,764.0,52.0,0.0,52.0,0.0,0.0,0.0,0.0,0.0,0.0,0.0,0.0,0.0,0.0,0.0,0.0,0.0,0.0,0.0,0.0,0.0,0.0,0.0,0.0,0.0,0.0,0.0,0.0,1.0,0.0,0.0,0.0,,,,,,,,,
ecc4f0c1-64e0-46cc-9b58-91c2b215e62a 2014 d26a1ca5-722d-4274-8f97-c92e49c96315,Ryan Succop,Titans,2014,4,K,16,0,28,,,,,,,,,,,,,,,,,,,,,,,,,,,,,,,,,,,,,,,,,,,,,,,,,,,,,,,,,,,,,,,,,,,,,,,,,,,,,,,,,,,,,,,20.0,5.0,63.0,3.0,0.0,0.0,823.0,0.0,31.0,3967.0,,,,,,,22.0,30.455,0.0,51.0,19.0,670.0,27.0,0.0,27.0,0.0,0.0,0.0,0.0,0.0,0.0,0.0,0.0,0.0,0.0,0.0,0.0,0.0,0.0,0.0,0.0,0.0,0.0,0.0,0.0,0.0,0.0,0.0,0.0,1.0,0.0,0.0,0.0,,,,,,,,,
ecc4f0c1-64e0-46cc-9b58-91c2b215e62a 2015 d26a1ca5-722d-4274-8f97-c92e49c96315,Ryan Succop,Titans,2015,4,K,16,0,29,,,,,,,,,,,,,,,,,,,,,,,,,,,,,,,,,,,,,,,,,,,,,,,,,,,,,,,,,,,,,,,,,,,,,,,,,,,,,,,,,,,,,,,17.0,2.0,66.0,1.0,0.0,1.0,599.0,1.0,43.0,4272.0,,,,,,,16.0,34.75,0.0,51.0,14.0,556.0,30.0,1.0,29.0,,,,,,,,,,,,,,,,,,,,,,,,,,,,,,,,,,,,,
ecc4f0c1-64e0-46cc-9b58-91c2b215e62a 2016 d26a1ca5-722d-4274-8f97-c92e49c96315,Ryan Succop,Titans,2016,4,K,16,0,30,,,,,,,,,,,,,,,,,,,,,,,,,,,,,,,,,,,,,,,,,,,,,,,,,,,,,,,,,,,,,,,,,,,,,,,,,,,,,,,,,,,,,,,9.0,5.0,82.0,3.0,0.0,2.0,452.0,1.0,58.0,5086.0,,,,,,,24.0,34.792,0.0,53.0,22.0,835.0,41.0,1.0,39.0,,,,,,,,,,,,,,,,,,,,,,,,,,,,,0.0,0.0,0.0,0.0,1.0,0.0,0.0,0.0,0.0
ecc4f0c1-64e0-46cc-9b58-91c2b215e62a 2017 d26a1ca5-722d-4274-8f97-c92e49c96315,Ryan Succop,Titans,2017,4,K,16,0,31,,,,,,,,,,,,,,,,,,,,,,,,,,,,,,,,,,,,,,,,,,,,,,,,,,,,,,,,,,,,,,,,,,,,,,,,,,,,,,,,,,,,,,,19.0,9.0,80.0,1.0,0.0,0.0,750.0,0.0,47.0,5120.0,,,,,,,42.0,31.976,1.0,52.0,35.0,1311.0,33.0,1.0,31.0,0.0,0.0,0.0,0.0,0.0,0.0,0.0,0.0,0.0,0.0,0.0,0.0,0.0,0.0,0.0,0.0,0.0,0.0,0.0,0.0,1.0,0.0,0.0,0.0,1.0,0.0,0.0,0.0,,,,,,,,,
ecc4f0c1-64e0-46cc-9b58-91c2b215e62a 2018 d26a1ca5-722d-4274-8f97-c92e49c96315,Ryan Succop,Titans,2018,4,K,16,0,32,,,,,,,,,,,,,,,,,,,,,,,,,,,,,,,,,,,,,,,,,,,,,,,,,,,,,,,,,,,,,,,,,,,,,,,,,,,,,,,,,,,,,,,9.0,3.0,70.0,1.0,0.0,0.0,689.0,0.0,45.0,4480.0,,,,,,,30.0,31.4,0.0,54.0,26.0,942.0,31.0,1.0,28.0,,,,,,,,,,,,,,,,,,,,,,,,,,,,,,,,,,,,,
480277d1-47c9-44df-969e-038a84cd0fea 2012 1c1cec48-6352-4556-b789-35304c1a6ae1,Sebastian Janikowski,Raiders,2012,11,K,16,0,34,,,,,,,,,,,,,,,,,,,,,,,,,,,,,,,,,,,,,,,,,,,,,,,,,,,,,,,,,,,,,,,,,,,,,,,,,,,,,,,,,,,,,,,23.0,11.0,73.0,7.0,0.0,2.0,868.0,0.0,38.0,4473.0,,,,,,,34.0,32.176,0.0,57.0,31.0,1094.0,25.0,0.0,25.0,,,,,,,,,,,,,,,,,,,,,,,,,,,,,,,,,,,,,
480277d1-47c9-44df-969e-038a84cd0fea 2013 1c1cec48-6352-4556-b789-35304c1a6ae1,Sebastian Janikowski,Raiders,2013,11,K,16,0,35,,,,,,,,,,,,,,,,,,,,,,,,,,,,,,,,,,,,,,,,,,,,,,,,,,,,,,,,,,,,,,,,,,,,,,,,,,,,,,,,,,,,,,,11.0,8.0,74.0,6.0,0.0,1.0,613.0,0.0,38.0,4363.0,,,,,,,30.0,26.367,0.0,53.0,21.0,791.0,37.0,0.0,37.0,,,,,,,,,,,,,,,,,,,,,,,,,,,,,,,,,,,,,
480277d1-47c9-44df-969e-038a84cd0fea 2014 1c1cec48-6352-4556-b789-35304c1a6ae1,Sebastian Janikowski,Raiders,2014,11,K,16,0,36,,,,,,,,,,,,,,,,,,,,,,,,,,,,,,,,,,,,,,,,,,,,,,,,,,,,,,,,,,,,,,,,,,,,,,,,,,,,,,,,,,,,,,,17.0,4.0,61.0,6.0,0.0,1.0,683.0,0.0,34.0,3723.0,,,,,,,22.0,36.636,0.0,57.0,19.0,806.0,28.0,0.0,28.0,0.0,0.0,0.0,0.0,0.0,0.0,0.0,0.0,0.0,0.0,0.0,0.0,0.0,0.0,0.0,0.0,0.0,0.0,0.0,0.0,0.0,0.0,0.0,0.0,1.0,0.0,0.0,0.0,,,,,,,,,
480277d1-47c9-44df-969e-038a84cd0fea 2015 1c1cec48-6352-4556-b789-35304c1a6ae1,Sebastian Janikowski,Raiders,2015,11,K,16,0,37,,,,,,,,,,,,,,,,,,,,,,,,,,,,,,,,,,,,,,,,,,,,,,,,,,,,,,,,,,,,,,,,,,,,,,,,,,,,,,,,,,,,,,,17.0,14.0,79.0,2.0,0.0,1.0,755.0,3.0,44.0,4941.0,,,,,,,26.0,31.08,1.0,56.0,21.0,777.0,39.0,0.0,38.0,,,,,,,,,,,,,,,,,,,,,,,,,,,,,,,,,,,,,
480277d1-47c9-44df-969e-038a84cd0fea 2016 1c1cec48-6352-4556-b789-35304c1a6ae1,Sebastian Janikowski,Raiders,2016,11,K,16,0,38,,,,,,,,,,,,,,,,,,,,,,,,,,,,,,,,,,,,,,,,,,,,,,,,,,,,,,,,,,,,,,,,,,,,,,,,,,,,,,,,,,,,,,,15.0,17.0,88.0,0.0,0.0,0.0,896.0,2.0,43.0,5630.0,,,,,,,35.0,29.686,0.0,56.0,29.0,1039.0,39.0,1.0,37.0,,,,,,,,,,,,,,,,,,,,,,,,,,,,,,,,,,,,,
480277d1-47c9-44df-969e-038a84cd0fea 2018 3d08af9e-c767-4f88-a7dc-b920c6d2b4a8,Sebastian Janikowski,Seahawks,2018,11,K,16,0,40,,,,,,,,,,,,,,,,,,,,,,,,,,,,,,,,,,,,,,,,,,,,,,,,,,,,,,,,,,,,,,,,,,,,,,,,,,,,,,,,,,,,,,,15.0,6.0,74.0,2.0,0.0,0.0,826.0,0.0,42.0,4648.0,,,,,,,27.0,32.148,0.0,56.0,22.0,868.0,51.0,0.0,48.0,,,,,,,,,,,,,,,,,,,,,,,,,,,,,,,,,,,,,
beb64618-614c-49f7-a3aa-c0c75b7839ea 2012 e627eec7-bbae-4fa4-8e73-8e1d6bc5c060,Dan Bailey,Cowboys,2012,5,K,16,0,24,,,,,,,,,,,,,,,,,,,,,,,,,,,,,,,,,,,,,,,,,,,,,,,,,,,,,,,,,,,,,,,,,,,,,,,,,,,,,,,,,,,,,,,31.0,19.0,84.0,5.0,1.0,1.0,1102.0,0.0,30.0,5089.0,,,,,,,31.0,33.903,0.0,51.0,29.0,1051.0,37.0,0.0,37.0,0.0,0.0,0.0,0.0,0.0,0.0,0.0,0.0,0.0,0.0,0.0,0.0,0.0,0.0,0.0,0.0,0.0,0.0,0.0,0.0,0.0,0.0,0.0,0.0,1.0,0.0,0.0,0.0,,,,,,,,,
beb64618-614c-49f7-a3aa-c0c75b7839ea 2013 e627eec7-bbae-4fa4-8e73-8e1d6bc5c060,Dan Bailey,Cowboys,2013,5,K,16,0,25,,,,,,,,,,,,,,,,,,,,,,,,,,,,,,,,,,,,,,,,,,,,,,,,,,,,,,,,,,,,,,,,,,,,,,,,,,,,,,,,,,,,,,,20.0,9.0,93.0,3.0,1.0,0.0,791.0,0.0,52.0,5815.0,,,,,,,30.0,37.067,0.0,53.0,28.0,1112.0,47.0,0.0,47.0,0.0,0.0,0.0,0.0,0.0,0.0,0.0,0.0,0.0,0.0,0.0,0.0,0.0,0.0,0.0,0.0,0.0,0.0,0.0,0.0,0.0,0.0,0.0,0.0,2.0,0.0,0.0,0.0,,,,,,,,,
beb64618-614c-49f7-a3aa-c0c75b7839ea 2014 e627eec7-bbae-4fa4-8e73-8e1d6bc5c060,Dan Bailey,Cowboys,2014,5,K,16,0,26,,,,,,,,,,,,,,,,,,,,,,,,,,,,,,,,,,,,,,,,,,,,,,,,,,,,,,,,,,,,,,,,,,,,,,,,,,,,,,,,,,,,,,,28.0,16.0,98.0,3.0,1.0,0.0,905.0,0.0,52.0,6175.0,,,,,,,29.0,35.536,1.0,56.0,25.0,995.0,56.0,0.0,56.0,0.0,0.0,0.0,0.0,0.0,0.0,0.0,0.0,0.0,0.0,0.0,0.0,0.0,0.0,0.0,0.0,0.0,0.0,0.0,0.0,0.0,0.0,0.0,0.0,2.0,0.0,0.0,0.0,,,,,,,,,
beb64618-614c-49f7-a3aa-c0c75b7839ea 2015 e627eec7-bbae-4fa4-8e73-8e1d6bc5c060,Dan Bailey,Cowboys,2015,5,K,16,0,27,,,,,,,,,,,,,,,,,,,,,,,,,1.0,15.0,,,,,,,,,,,,,,,,,,,,,,,,,,,,,,,,,,,,,,,,,,,,,,,,,,,,,,,,,,,,,14.0,8.0,73.0,2.0,0.0,0.0,549.0,1.0,49.0,4620.0,,,,,,,32.0,33.625,0.0,54.0,30.0,1076.0,25.0,0.0,25.0,,,,,,,,,,,,,,,,,,,,,,,,,,,,,,,,,,,,,
beb64618-614c-49f7-a3aa-c0c75b7839ea 2016 e627eec7-bbae-4fa4-8e73-8e1d6bc5c060,Dan Bailey,Cowboys,2016,5,K,16,0,28,,,,,,,,,,,,,,,,,,,,,,,,,,,,,,,,,,,,,,,,,,,,,,,,,,,,,,,,,,,,,,,,,,,,,,,,,,,,,,,,,,,,,,,20.0,9.0,91.0,1.0,0.0,0.0,746.0,0.0,57.0,5827.0,,,,,,,32.0,30.375,0.0,56.0,27.0,972.0,46.0,0.0,46.0,0.0,0.0,0.0,0.0,0.0,0.0,0.0,0.0,0.0,0.0,0.0,0.0,0.0,0.0,0.0,0.0,0.0,0.0,0.0,0.0,1.0,0.0,0.0,0.0,1.0,0.0,0.0,0.0,,,,,,,,,
beb64618-614c-49f7-a3aa-c0c75b7839ea 2017 e627eec7-bbae-4fa4-8e73-8e1d6bc5c060,Dan Bailey,Cowboys,2017,5,K,12,0,29,,,,,,,,,,,,,,,,,,,,,,,,,,,,,,,,,,,,,,,,,,,,,,,,,,,,,,,,,,,,,,,,,,,,,,,,,,,,,,,,,,,,,,,9.0,10.0,56.0,0.0,0.0,0.0,519.0,0.0,32.0,3605.0,,,,,,,20.0,28.2,0.0,56.0,15.0,564.0,28.0,0.0,26.0,,,,,,,,,,,,,,,,,,,,,,,,,,,,,,,,,,,,,
beb64618-614c-49f7-a3aa-c0c75b7839ea 2018 33405046-04ee-4058-a950-d606f8c30852,Dan Bailey,Vikings,2018,5,K,14,0,30,,,,,,,,,,,,,,,,,,,,,,,,,,,,,,,,,,,,,,,,,,,,,,,,,,,,,,,,,,,,,,,,,,,,,,,,,,,,,,,,,,,,,,,9.0,4.0,69.0,4.0,0.0,2.0,714.0,2.0,35.0,4164.0,,,,,,,28.0,28.074,1.0,52.0,21.0,758.0,31.0,0.0,30.0,0.0,0.0,0.0,0.0,0.0,0.0,0.0,0.0,0.0,0.0,0.0,0.0,0.0,0.0,0.0,0.0,0.0,0.0,0.0,0.0,0.0,0.0,0.0,0.0,1.0,0.0,0.0,0.0,,,,,,,,,
5514afb6-bd43-49a8-9bf7-b8baaaecdabe 2012 22052ff7-c065-42ee-bc8f-c4691c50e624,Kai Forbath,Redskins,2012,2,K,11,0,25,,,,,,,,,,,,,,,,,,,,,,,,,,,,,,,,,,,,,,,,,,,,,,,,,,,,,,,,,,,,,,,,,,,,,,,,,,,,,,,,,,,,,,,17.0,7.0,62.0,1.0,0.0,1.0,1048.0,0.0,15.0,3853.0,,,,,,,18.0,38.389,0.0,50.0,17.0,691.0,33.0,1.0,33.0,,,,,,,,,,,,,,,,,,,,,,,,,,,,,,,,,,,,,
5514afb6-bd43-49a8-9bf7-b8baaaecdabe 2013 22052ff7-c065-42ee-bc8f-c4691c50e624,Kai Forbath,Redskins,2013,2,K,13,0,26,,,,,,,,,,,,,,,,,,,,,,,,,,,,,,,,,,,,,,,,,,,,,,,,,,,,,,,,,,,,,,,,,,,,,,,,,,,,,,,,,,,,,,,16.0,9.0,57.0,2.0,0.0,0.0,950.0,0.0,14.0,3420.0,,,,,,,22.0,31.95,2.0,50.0,18.0,639.0,26.0,0.0,26.0,,,,,,,,,,,,,,,,,,,,,,,,,,,,,,,,,,,,,
5514afb6-bd43-49a8-9bf7-b8baaaecdabe 2014 22052ff7-c065-42ee-bc8f-c4691c50e624,Kai Forbath,Redskins,2014,2,K,16,0,27,,,,,,,,,,,,,,,,,,,,,,,,,,,,,,,,,,,,,,,,,,,,,,,,,,,,,,,,,,,,,,,,,,,,,,,,,,,,,,,,,,,,,,,15.0,4.0,54.0,1.0,0.0,0.0,787.0,0.0,18.0,3309.0,,,,,,,27.0,29.704,0.0,49.0,24.0,802.0,31.0,1.0,31.0,,,,,,,,,,,,,,,,,,,,,,,,,,,,,,,,,,,,,
5514afb6-bd43-49a8-9bf7-b8baaaecdabe 2015 22052ff7-c065-42ee-bc8f-c4691c50e624,Kai Forbath,Redskins,2015,2,K,1,0,28,,,,,,,,,,,,,,,,,,,,,,,,,,,,,,,,,,,,,,,,,,,,,,,,,,,,,,,,,,,,,,,,,,,,,,,,,,,,,,,,,,,,,,,1.0,0.0,3.0,0.0,0.0,0.0,54.0,0.0,1.0,201.0,,,,,,,2.0,22.5,0.0,45.0,1.0,45.0,1.0,0.0,1.0,,,,,,,,,,,,,,,,,,,,,,,,,,,,,,,,,,,,,
5514afb6-bd43-49a8-9bf7-b8baaaecdabe 2015 0d855753-ea21-4953-89f9-0e20aff9eb73,Kai Forbath,Saints,2015,2,K,10,0,28,,,,,,,,,,,,,,,,,,,,,,,,,1.0,5.0,,,,,,,,,,,,,,,,,,,,,,,,,,,,,,,,,,,,,,,,,,,,,,,,,,,,,,,,,,,,,21.0,3.0,49.0,0.0,0.0,0.0,746.0,3.0,21.0,3209.0,,,,,,,13.0,30.455,2.0,57.0,9.0,335.0,34.0,0.0,33.0,0.0,0.0,0.0,0.0,0.0,0.0,0.0,0.0,0.0,0.0,0.0,0.0,0.0,0.0,0.0,0.0,0.0,0.0,0.0,0.0,0.0,0.0,0.0,0.0,2.0,0.0,0.0,0.0,,,,,,,,,
5514afb6-bd43-49a8-9bf7-b8baaaecdabe 2016 33405046-04ee-4058-a950-d606f8c30852,Kai Forbath,Vikings,2016,2,K,7,0,29,,,,,,,,,,,,,,,,,,,,,,,,,,,,,,,,,,,,,,,,,,,,,,,,,,,,,,,,,,,,,,,,,,,,,,,,,,,,,,,,,,,,,,,10.0,4.0,38.0,2.0,1.0,0.0,431.0,0.0,19.0,2363.0,,,,,,,15.0,34.333,0.0,51.0,15.0,515.0,14.0,1.0,11.0,0.0,0.0,0.0,0.0,0.0,0.0,0.0,0.0,0.0,0.0,0.0,0.0,0.0,0.0,0.0,0.0,0.0,0.0,0.0,0.0,0.0,0.0,0.0,0.0,1.0,0.0,0.0,0.0,,,,,,,,,
5514afb6-bd43-49a8-9bf7-b8baaaecdabe 2017 33405046-04ee-4058-a950-d606f8c30852,Kai Forbath,Vikings,2017,2,K,16,0,30,,,,,,,,,,,,,,,,,,,,,,,,,,,,,,,,,,,,,,,,,,,,,,,,,,,,,,,,,,,,,,,,,,,,,,,,,,,,,,,,,,,,,,,18.0,9.0,88.0,0.0,0.0,0.0,1009.0,2.0,44.0,5587.0,,,,,,,38.0,32.0,1.0,53.0,32.0,1184.0,39.0,2.0,34.0,0.0,0.0,0.0,0.0,0.0,0.0,0.0,0.0,0.0,0.0,0.0,0.0,0.0,0.0,0.0,0.0,0.0,0.0,0.0,0.0,0.0,0.0,0.0,0.0,1.0,0.0,0.0,0.0,,,,,,,,,
5514afb6-bd43-49a8-9bf7-b8baaaecdabe 2018 f7ddd7fa-0bae-4f90-bc8e-669e4d6cf2de,Kai Forbath,Jaguars,2018,2,K,3,0,31,,,,,,,,,,,,,,,,,,,,,,,,,,,,,,,,,,,,,,,,,,,,,,,,,,,,,,,,,,,,,,,,,,,,,,,,,,,,,,,,,,,,,,,,,,,,,,,,,,,,,,,5.0,25.0,0.0,41.0,4.0,125.0,3.0,0.0,3.0,,,,,,,,,,,,,,,,,,,,,,,,,,,,,,,,,,,,,
abd73d50-ce60-47f1-b37f-2f9a05b0d7b9 2012 7b112545-38e6-483c-a55c-96cf6ee49cb8,Robbie Gould,Bears,2012,9,K,13,0,30,,,,,,,,,,,,,,,,,,,,,,,,,,,,,,,,,,,,,,,,,,,,,,,,,,,,,,,,,,,,,,,,,,,,,,,,,,,,,,,,,,,,,,,23.0,14.0,66.0,1.0,0.0,0.0,586.0,0.0,38.0,4306.0,,,,,,,25.0,32.522,2.0,54.0,21.0,748.0,33.0,0.0,33.0,,,,,,,,,,,,,,,,,,,,,,,,,,,,,,,,,,,,,
abd73d50-ce60-47f1-b37f-2f9a05b0d7b9 2013 7b112545-38e6-483c-a55c-96cf6ee49cb8,Robbie Gould,Bears,2013,5,K,16,0,31,,,,,,,,,,,,,,,,,,,,,,,,,,,,,,,,,,,,,,,,,,,,,,,,,,,,,,,,,,,,,,,,,,,,,,,,,,,,,,,,,,,,,,,21.0,17.0,89.0,4.0,0.0,1.0,887.0,0.0,38.0,5228.0,,,,,,,29.0,30.966,0.0,58.0,26.0,898.0,45.0,1.0,45.0,,,,,,,,,,,,,,,,,,,,,,,,,,,,,,,,,,,,,
abd73d50-ce60-47f1-b37f-2f9a05b0d7b9 2014 7b112545-38e6-483c-a55c-96cf6ee49cb8,Robbie Gould,Bears,2014,5,K,12,0,32,,,,,,,,,,,,,,,,,,,,,,,,,,,,,,,,,,,,,,,,,,,,,,,,,,,,,,,,,,,,,,,,,,,,,,,,,,,,,,,,,,,,,,,16.0,14.0,53.0,2.0,0.0,1.0,524.0,0.0,21.0,3179.0,,,,,,,12.0,25.25,0.0,45.0,9.0,303.0,28.0,1.0,28.0,,,,,,,,,,,,,,,,,,,,,,,,,,,,,,,,,,,,,
abd73d50-ce60-47f1-b37f-2f9a05b0d7b9 2015 7b112545-38e6-483c-a55c-96cf6ee49cb8,Robbie Gould,Bears,2015,9,K,16,0,33,,,,,,,,,,,,,,,,,,,,,,,,,,,,,,,,,,,,,,,,,,,,,,,,,,,,,,,,,,,,,,,,,,,,,,,,,,,,,,,,,,,,,,,22.0,15.0,83.0,4.0,1.0,1.0,983.0,7.0,39.0,5003.0,,,,,,,39.0,32.128,0.0,55.0,33.0,1253.0,28.0,1.0,28.0,0.0,0.0,0.0,0.0,0.0,0.0,0.0,0.0,0.0,0.0,0.0,0.0,0.0,0.0,0.0,0.0,0.0,0.0,0.0,0.0,0.0,0.0,0.0,0.0,1.0,0.0,0.0,0.0,,,,,,,,,
abd73d50-ce60-47f1-b37f-2f9a05b0d7b9 2016 04aa1c9d-66da-489d-b16a-1dee3f2eec4d,Robbie Gould,Giants,2016,9,K,10,0,34,,,,,,,,,,,,,,,,,,,,,,,,,,,,,,,,,,,,,,,,,,,,,,,,,,,,,,,,,,,,,,,,,,,,,,,,,,,,,,,,,,,,,,,9.0,4.0,43.0,1.0,0.0,1.0,540.0,0.0,19.0,2671.0,,,,,,,10.0,36.3,0.0,47.0,10.0,363.0,23.0,0.0,20.0,0.0,0.0,0.0,0.0,0.0,0.0,0.0,0.0,0.0,0.0,0.0,0.0,0.0,0.0,0.0,0.0,0.0,0.0,0.0,0.0,0.0,0.0,0.0,0.0,1.0,0.0,0.0,0.0,,,,,,,,,
abd73d50-ce60-47f1-b37f-2f9a05b0d7b9 2017 f0e724b0-4cbf-495a-be47-013907608da9,Robbie Gould,49ers,2017,9,K,16,0,35,,,,,,,,,,,,,,,,,,,,,,,,,,,,,,,,,,,,,,,,,,,,,,,,,,,,,,,,,,,,,,,,,,,,,,,,,,,,,,,,,,,,,,,0.0,0.0,4.0,2.0,1.0,0.0,2.0,2.0,0.0,101.0,,,,,,,41.0,38.425,1.0,52.0,39.0,1537.0,30.0,1.0,28.0,,,,,,,,,,,,,,,,,,,,,,,,,,,,,,,,,,,,,
abd73d50-ce60-47f1-b37f-2f9a05b0d7b9 2018 f0e724b0-4cbf-495a-be47-013907608da9,Robbie Gould,49ers,2018,9,K,16,0,36,,,,,,,,,,,,,,,,,,,,,,,,,,,,,,,,,,,,,,,,,,,,,,,,,,,,,,,,,,,,,,,,,,,,,,,,,,,,,,,,,,,,,,,0.0,0.0,4.0,2.0,0.0,0.0,12.0,1.0,0.0,102.0,,,,,,,34.0,34.029,0.0,53.0,33.0,1157.0,29.0,0.0,27.0,,,,,,,,,,,,,,,,,,,,,,,,,,,,,,,,,,,,,
e0856548-6fd5-4f83-9aa0-91f1bf4cbbd8 2012 a20471b4-a8d9-40c7-95ad-90cc30e46932,Mason Crosby,Packers,2012,2,K,16,0,28,,,,,,,,,,,,,,,,,,,,,,,,,,,,,,,,,,,,,,,,,,,,,,,,,,,,,,,,,,,,,,,,,,,,,,,,,,,,,,,,,,,,,,,28.0,12.0,88.0,1.0,1.0,1.0,1193.0,0.0,35.0,5531.0,,,,,,,33.0,24.606,0.0,54.0,21.0,812.0,50.0,0.0,50.0,0.0,0.0,0.0,0.0,0.0,0.0,0.0,0.0,0.0,0.0,0.0,0.0,0.0,0.0,0.0,0.0,0.0,0.0,0.0,0.0,1.0,0.0,0.0,0.0,0.0,0.0,0.0,0.0,,,,,,,,,
e0856548-6fd5-4f83-9aa0-91f1bf4cbbd8 2013 a20471b4-a8d9-40c7-95ad-90cc30e46932,Mason Crosby,Packers,2013,2,K,16,0,29,,,,,,,,,,,,,,,,,,,,,,,,,,,,,,,,,,,,,,,,,,,,,,,,,,,,,,,,,,,,,,,,,,,,,,,,,,,,,,,,,,,,,,,20.0,10.0,57.0,1.0,1.0,1.0,966.0,0.0,13.0,3480.0,,,,,,,37.0,30.297,0.0,57.0,33.0,1121.0,42.0,0.0,42.0,0.0,0.0,0.0,0.0,0.0,0.0,0.0,0.0,0.0,0.0,0.0,0.0,0.0,0.0,0.0,0.0,0.0,0.0,0.0,0.0,1.0,0.0,0.0,0.0,1.0,0.0,0.0,0.0,,,,,,,,,
e0856548-6fd5-4f83-9aa0-91f1bf4cbbd8 2014 a20471b4-a8d9-40c7-95ad-90cc30e46932,Mason Crosby,Packers,2014,2,K,16,0,30,,,,,,,,,,,,,,,,,,,,,,,,,,,,,,,,,,,,,,,,,,,,,,,,,,,,,,,,,,,,,,,,,,,,,,,,,,,,,,,,,,,,,,,36.0,14.0,102.0,4.0,0.0,2.0,1380.0,0.0,41.0,6288.0,,,,,,,33.0,32.467,3.0,55.0,27.0,974.0,53.0,2.0,53.0,0.0,0.0,0.0,0.0,0.0,0.0,0.0,0.0,0.0,0.0,0.0,0.0,0.0,0.0,0.0,0.0,0.0,0.0,0.0,0.0,0.0,0.0,0.0,0.0,2.0,0.0,0.0,0.0,,,,,,,,,
e0856548-6fd5-4f83-9aa0-91f1bf4cbbd8 2015 a20471b4-a8d9-40c7-95ad-90cc30e46932,Mason Crosby,Packers,2015,2,K,16,0,31,,,,,,,,,,,,,,0.0,1.0,0.0,0.0,0.0,0.0,0.0,0.0,0.0,0.0,0.0,,,,,,,,,,,,,,,,,,,,,,,,,,,,,,,,,,,,,,,,,,,,,,,,,,,,,,,,,,,,,,,24.0,12.0,80.0,2.0,1.0,1.0,975.0,3.0,41.0,5050.0,,,,,,,28.0,32.556,1.0,56.0,24.0,879.0,36.0,0.0,36.0,0.0,0.0,0.0,0.0,0.0,0.0,0.0,0.0,0.0,0.0,0.0,0.0,0.0,0.0,0.0,0.0,0.0,0.0,0.0,0.0,0.0,0.0,1.0,0.0,1.0,0.0,0.0,0.0,,,,,,,,,
e0856548-6fd5-4f83-9aa0-91f1bf4cbbd8 2016 a20471b4-a8d9-40c7-95ad-90cc30e46932,Mason Crosby,Packers,2016,2,K,16,0,32,,,,,,,,,,,,,,,,,,,,,,,,,,,,,,,,,,,,,,,,,,,,,,,,,,,,,,,,,,,,,,,,,,,,,,,,,,,,,,,,,,,,,,,17.0,9.0,89.0,2.0,0.0,1.0,1080.0,0.0,46.0,5608.0,,,,,,,30.0,30.897,1.0,53.0,26.0,896.0,47.0,0.0,44.0,0.0,0.0,0.0,0.0,0.0,0.0,0.0,0.0,0.0,0.0,0.0,0.0,0.0,0.0,0.0,0.0,0.0,0.0,0.0,0.0,0.0,0.0,0.0,0.0,1.0,0.0,0.0,0.0,,,,,,,,,
e0856548-6fd5-4f83-9aa0-91f1bf4cbbd8 2017 a20471b4-a8d9-40c7-95ad-90cc30e46932,Mason Crosby,Packers,2017,2,K,16,0,33,,,,,,,,,,,,,,,,,,,,,,,,,,,,,,,,,,,,,,,,,,,,,,,,,,,,,,,,,,,,,,,,,,,,,,,,,,,,,,,,,,,,,,,9.0,4.0,68.0,2.0,2.0,0.0,665.0,1.0,36.0,4248.0,,,,,,,19.0,27.444000000000006,1.0,50.0,15.0,494.0,35.0,0.0,33.0,0.0,0.0,0.0,0.0,0.0,0.0,0.0,0.0,0.0,0.0,0.0,0.0,0.0,0.0,0.0,0.0,0.0,0.0,0.0,0.0,0.0,0.0,0.0,0.0,1.0,0.0,0.0,0.0,,,,,,,,,
e0856548-6fd5-4f83-9aa0-91f1bf4cbbd8 2018 a20471b4-a8d9-40c7-95ad-90cc30e46932,Mason Crosby,Packers,2018,2,K,16,0,34,0.0,0.0,0.0,0.0,0.0,0.0,0.0,0.0,1.0,0.0,0.0,0.0,0.0,,,,,,,,,,,,,,,,,,,,,,,,,,,,,,,,,,,,,,,,,,,,,,,,,,,,,,,,,,,,,,,,,,,,,,,,,,19.0,8.0,83.0,3.0,0.0,0.0,1013.0,0.0,41.0,5168.0,,,,,,,37.0,32.568000000000005,0.0,53.0,30.0,1205.0,36.0,0.0,34.0,,,,,,,,,,,,,,,,,,,,,,,,,,,,,,,,,,,,,
218d1644-603e-4da3-9ce1-48ce3927494f 2012 e6aa13a4-0055-48a9-bc41-be28dc106929,Matt Bryant,Falcons,2012,3,K,16,0,37,,,,,,,,,,,,,,,,,,,,,,,,,,,,,,,,,,,,,,,,,,,,,,,,,,,,,,,,,,,,,,,,,,,,,,,,,,,,,,,,,,,,,,,,,,,,,,,,,,,,,,,38.0,31.526,0.0,55.0,33.0,1198.0,44.0,0.0,44.0,,,,,,,,,,,,,,,,,,,,,,,,,,,,,,,,,,,,,
218d1644-603e-4da3-9ce1-48ce3927494f 2013 e6aa13a4-0055-48a9-bc41-be28dc106929,Matt Bryant,Falcons,2013,3,K,16,0,38,,,,,,,,,,,,,,,,,,,,,,,,,,,,,,,,,,,,,,,,,,,,,,,,,,,,,,,,,,,,,,,,,,,,,,,,,,,,,,,,,,,,,,,,,,,,,,,,,,,,,,,27.0,31.296,0.0,53.0,24.0,845.0,39.0,0.0,39.0,,,,,,,,,,,,,,,,,,,,,,,,,,,,,,,,,,,,,
218d1644-603e-4da3-9ce1-48ce3927494f 2014 e6aa13a4-0055-48a9-bc41-be28dc106929,Matt Bryant,Falcons,2014,3,K,16,0,39,,,,,,,,,,,,,,,,,,,,,,,,,,,,,,,,,,,,,,,,,,,,,,,,,,,,,,,,,,,,,,,,,,,,,,,,,,,,,,,,,,,,,,,,,,,,,,,,,,,,,,,32.0,34.677,1.0,54.0,29.0,1075.0,40.0,0.0,40.0,,,,,,,,,,,,,,,,,,,,,,,,,,,,,,,,,,,,,
218d1644-603e-4da3-9ce1-48ce3927494f 2015 e6aa13a4-0055-48a9-bc41-be28dc106929,Matt Bryant,Falcons,2015,3,K,10,0,40,,,,,,,,,,,,,,,,,,,,,,,,,,,,,,,,,,,,,,,,,,,,,,,,,,,,,,,,,,,,,,,,,,,,,,,,,,,,,,,,,,,,,,,,,,,,,,,,,,,,,,,18.0,27.0,0.0,47.0,14.0,486.0,26.0,0.0,26.0,,,,,,,,,,,,,,,,,,,,,,,,,,,,,,,,,,,,,
218d1644-603e-4da3-9ce1-48ce3927494f 2016 e6aa13a4-0055-48a9-bc41-be28dc106929,Matt Bryant,Falcons,2016,3,K,16,0,41,,,,,,,,,,,,,,,,,,,,,,,,,,,,,,,,,,,,,,,,2.0,3.749,33.5,33.5,0.0,7.497000000000001,0.0,36.0,67.0,0.0,0.0,67.0,,,,,,,,,,,,,,,,,,,,,,,,,,,,,,,,,,,,,,,,,,,,,,,,,,,,37.0,34.417,1.0,59.0,34.0,1239.0,57.0,0.0,56.0,,,,,,,,,,,,,,,,,,,,,,,,,,,,,,,,,,,,,
218d1644-603e-4da3-9ce1-48ce3927494f 2017 e6aa13a4-0055-48a9-bc41-be28dc106929,Matt Bryant,Falcons,2017,3,K,16,0,42,,,,,,,,,,,,,,,,,,,,,,,,,,,,,,,,,,,,,,,,,,,,,,,,,,,,,,,,,,,,,,,,,,,,,,,,,,,,,,,,,,,,,,,,,,,,,,,,,,,,,,,39.0,36.946,2.0,57.0,34.0,1367.0,35.0,0.0,35.0,,,,,,,,,,,,,,,,,,,,,,,,,,,,,,,,,,,,,
218d1644-603e-4da3-9ce1-48ce3927494f 2018 e6aa13a4-0055-48a9-bc41-be28dc106929,Matt Bryant,Falcons,2018,3,K,13,0,43,,,,,,,,,,,,,,,,,,,,,,,,,,,,,,,,,,,,,,,,,,,,,,,,,,,,,,,,,,,,,,,,,,,,,,,,,,,,,,,,,,,,,,,,,,,,,,,,,,,,,,,21.0,37.952,0.0,57.0,20.0,797.0,35.0,0.0,33.0,,,,,,,,,,,,,,,,,,,,,,,,,,,,,,,,,,,,,
63f8a401-f308-4463-9d0b-4335b98da682 2012 f14bf5cc-9a82-4a38-bc15-d39f75ed5314,Graham Gano,Panthers,2012,9,K,6,0,25,,,,,,,,,,,,,,,,,,,,,,,,,,,,,,,,,,,,,,,,,,,,,,,,,,,,,,,,,,,,,,,,,,,,,,,,,,,,,,,,,,,,,,,12.0,8.0,35.0,0.0,0.0,0.0,360.0,0.0,20.0,2320.0,,,,,,,11.0,26.909,0.0,51.0,9.0,296.0,21.0,0.0,20.0,,,,,,,,,,,,,,,,,,,,,,,,,,,,,,,,,,,,,
63f8a401-f308-4463-9d0b-4335b98da682 2013 f14bf5cc-9a82-4a38-bc15-d39f75ed5314,Graham Gano,Panthers,2013,9,K,16,0,26,,,,,,,,,,,,,,,,,,,,,,,,,,,,,,,,,,,,,,,,,,,,,,,,,,,,,,,,,,,,,,,,,,,,,,,,,,,,,,,,,,,,,,,13.0,7.0,80.0,1.0,0.0,0.0,374.0,0.0,63.0,5185.0,,,,,,,27.0,34.0,1.0,55.0,24.0,884.0,42.0,0.0,42.0,,,,,,,,,,,,,,,,,,,,,,,,,,,,,,,,,,,,,
63f8a401-f308-4463-9d0b-4335b98da682 2014 f14bf5cc-9a82-4a38-bc15-d39f75ed5314,Graham Gano,Panthers,2014,9,K,16,0,27,,,,,,,,,,,,,,0.0,0.0,0.0,0.0,1.0,0.0,0.0,0.0,0.0,0.0,0.0,,,,,,,,,,,,,,,,,,,,,,,,,,,,,,,,,,,,,,,,,,,,,,,,,,,,,,,,,,,,,,,15.0,7.0,79.0,0.0,0.0,0.0,584.0,0.0,61.0,5196.0,,,,,,,35.0,30.794,1.0,53.0,29.0,1047.0,34.0,0.0,34.0,0.0,0.0,0.0,0.0,0.0,0.0,0.0,0.0,0.0,0.0,0.0,0.0,0.0,0.0,0.0,0.0,0.0,0.0,0.0,0.0,0.0,0.0,0.0,1.0,0.0,0.0,0.0,0.0,,,,,,,,,
63f8a401-f308-4463-9d0b-4335b98da682 2015 f14bf5cc-9a82-4a38-bc15-d39f75ed5314,Graham Gano,Panthers,2015,9G,K,16,0,28,,,,,,,,,,,,,,,,,,,,,,,,,,,,,,,,,,,,,,,,,,,,,,,,,,,,,,,,,,,,,,,,,,,,,,,,,,,,,,,,,,,,,,,24.0,13.0,102.0,0.0,0.0,0.0,892.0,2.0,69.0,6706.0,,,,,,,36.0,34.688,4.0,52.0,30.0,1110.0,58.0,1.0,56.0,0.0,0.0,0.0,0.0,0.0,0.0,0.0,0.0,0.0,0.0,0.0,0.0,0.0,0.0,0.0,0.0,0.0,0.0,0.0,0.0,0.0,0.0,0.0,0.0,3.0,0.0,0.0,0.0,,,,,,,,,
63f8a401-f308-4463-9d0b-4335b98da682 2016 f14bf5cc-9a82-4a38-bc15-d39f75ed5314,Graham Gano,Panthers,2016,9G,K,16,0,29,,,,,,,,,,,,,,,,,,,,,,,,,,,,,,,,,,,,,,,,4.0,4.222,29.75,45.0,0.0,16.887999999999998,0.0,54.0,119.0,21.0,2.0,180.0,,,,,,,,,,,,,,,,,,,,,,,,,,,,,,,,,,,,8.0,10.0,86.0,1.0,0.0,0.0,399.0,1.0,63.0,5497.0,,,,,,,38.0,30.816,0.0,54.0,30.0,1171.0,34.0,2.0,31.0,0.0,0.0,0.0,0.0,0.0,0.0,0.0,0.0,0.0,0.0,0.0,0.0,0.0,0.0,0.0,0.0,0.0,0.0,0.0,0.0,0.0,0.0,0.0,0.0,4.0,0.0,0.0,0.0,,,,,,,,,
63f8a401-f308-4463-9d0b-4335b98da682 2017 f14bf5cc-9a82-4a38-bc15-d39f75ed5314,Graham Gano,Panthers,2017,9,K,16,0,30,,,,,,,,,,,,,,,,,,,,,,,,,,,,,,,,,,,,,,,,,,,,,,,,,,,,,,,,,,,,,,,,,,,,,,,,,,,,,,,,,,,,,,,5.0,2.0,83.0,1.0,0.0,1.0,254.0,0.0,70.0,5313.0,,,,,,,30.0,33.467,0.0,48.0,29.0,1004.0,37.0,1.0,34.0,,,,,,,,,,,,,,,,,,,,,,,,,,,,,,,,,,,,,
63f8a401-f308-4463-9d0b-4335b98da682 2018 f14bf5cc-9a82-4a38-bc15-d39f75ed5314,Graham Gano,Panthers,2018,9,K,12,0,31,,,,,,,,,,,,,,,,,,,,,,,,,,,,,,,,,,,,,,,,,,,,,,,,,,,,,,,,,,,,,,,,,,,,,,,,,,,,,,,,,,,,,,,7.0,2.0,62.0,1.0,0.0,0.0,344.0,0.0,47.0,3940.0,,,,,,,16.0,35.313,0.0,63.0,14.0,565.0,33.0,0.0,30.0,,,,,,,,,,,,,,,,,,,,,,,,,,,,,,,,,,,,,
40cda44b-2ee3-4ad1-834e-995e30db84d4 2012 3d08af9e-c767-4f88-a7dc-b920c6d2b4a8,Stephen Hauschka,Seahawks,2012,4,K,16,0,27,,,,,,,,,,,,,,,,,,,,,,,,,,,,,,,,,,,,,,,,,,,,,,,,,,,,,,,,,,,,,,,,,,,,,,,,,,,,,,,,,,,,,,,39.0,22.0,87.0,2.0,0.0,0.0,1130.0,0.0,36.0,5623.0,,,,,,,27.0,30.577,1.0,52.0,24.0,795.0,46.0,2.0,46.0,0.0,0.0,0.0,0.0,0.0,0.0,0.0,0.0,0.0,0.0,0.0,0.0,0.0,0.0,0.0,0.0,0.0,0.0,0.0,0.0,1.0,0.0,0.0,0.0,2.0,0.0,0.0,0.0,,,,,,,,,
40cda44b-2ee3-4ad1-834e-995e30db84d4 2013 3d08af9e-c767-4f88-a7dc-b920c6d2b4a8,Stephen Hauschka,Seahawks,2013,4,K,16,0,28,,,,,,,,,,,,,,,,,,,,,,,,,,,,,,,,,,,,,,,,,,,,,,,,,,,,,,,,,,,,,,,,,,,,,,,,,,,,,,,,,,,,,,,35.0,18.0,94.0,0.0,0.0,1.0,1056.0,0.0,48.0,6118.0,,,,,,,35.0,35.5,1.0,53.0,33.0,1207.0,44.0,0.0,44.0,,,,,,,,,,,,,,,,,,,,,,,,,,,,,,,,,,,,,
40cda44b-2ee3-4ad1-834e-995e30db84d4 2014 3d08af9e-c767-4f88-a7dc-b920c6d2b4a8,Stephen Hauschka,Seahawks,2014,4,K,16,0,29,,,,,,,,,,,,,,0.0,0.0,0.0,0.0,1.0,0.0,0.0,0.0,0.0,0.0,0.0,,,,,,,,,,,,,,,,,,,,,,,,,,,,,,,,,,,,,,,,,,,,,,,,,,,,,,,,,,,,,,,35.0,18.0,88.0,0.0,0.0,0.0,1013.0,0.0,46.0,5728.0,,,,,,,37.0,31.057,2.0,58.0,31.0,1087.0,41.0,0.0,41.0,0.0,0.0,0.0,0.0,0.0,0.0,0.0,0.0,0.0,0.0,0.0,0.0,0.0,0.0,0.0,0.0,0.0,0.0,0.0,0.0,0.0,0.0,0.0,1.0,1.0,0.0,0.0,0.0,,,,,,,,,
40cda44b-2ee3-4ad1-834e-995e30db84d4 2015 3d08af9e-c767-4f88-a7dc-b920c6d2b4a8,Stephen Hauschka,Seahawks,2015,4,K,16,0,30,,,,,,,,,,,,,,,,,,,,,,,,,,,,,,,,,,,,,,,,,,,,,,,,,,,,,,,,,,,,,,,,,,,,,,,,,,,,,,,,,,,,,,,37.0,20.0,91.0,3.0,0.0,1.0,1051.0,0.0,47.0,5869.0,,,,,,,31.0,36.1,1.0,54.0,29.0,1083.0,42.0,2.0,40.0,0.0,0.0,0.0,0.0,0.0,0.0,0.0,0.0,0.0,0.0,0.0,0.0,0.0,0.0,0.0,0.0,0.0,0.0,0.0,0.0,0.0,0.0,0.0,0.0,1.0,0.0,0.0,0.0,,,,,,,,,
40cda44b-2ee3-4ad1-834e-995e30db84d4 2016 3d08af9e-c767-4f88-a7dc-b920c6d2b4a8,Stephen Hauschka,Seahawks,2016,4,K,16,0,31,,,,,,,,,,,,,,0.0,1.0,0.0,0.0,0.0,0.0,0.0,0.0,0.0,0.0,0.0,,,,,,,,,,,,,,,,,,,,,,,,,,,,,,,,,,,,,,,,,,,,,,,,,,,,,,,,,,,,,,,12.0,9.0,86.0,1.0,0.0,0.0,642.0,3.0,54.0,5477.0,,,,,,,37.0,31.028,1.0,53.0,33.0,1117.0,35.0,5.0,29.0,0.0,0.0,0.0,0.0,0.0,0.0,0.0,0.0,0.0,0.0,0.0,0.0,0.0,0.0,0.0,0.0,0.0,0.0,0.0,0.0,0.0,0.0,1.0,0.0,2.0,0.0,0.0,0.0,,,,,,,,,
40cda44b-2ee3-4ad1-834e-995e30db84d4 2017 768c92aa-75ff-4a43-bcc0-f2798c2e1724,Stephen Hauschka,Bills,2017,4,K,16,0,32,,,,,,,,,,,,,,0.0,1.0,0.0,0.0,0.0,0.0,0.0,0.0,0.0,0.0,0.0,1.0,5.0,,,,,,,,,,,,,,,,,,,,,,,,,,,,,,,,,,,,,,,,,,,,,,,,,,,,,,,,,,,,,16.0,7.0,74.0,5.0,1.0,0.0,681.0,7.0,37.0,4361.0,,,,,,,33.0,35.0,0.0,56.0,29.0,1155.0,29.0,0.0,29.0,0.0,0.0,0.0,0.0,0.0,0.0,0.0,0.0,0.0,0.0,0.0,0.0,0.0,0.0,0.0,0.0,0.0,0.0,0.0,0.0,0.0,0.0,1.0,0.0,1.0,0.0,0.0,0.0,,,,,,,,,
40cda44b-2ee3-4ad1-834e-995e30db84d4 2018 768c92aa-75ff-4a43-bcc0-f2798c2e1724,Stephen Hauschka,Bills,2018,4,K,16,0,33,0.0,0.0,0.0,0.0,0.0,0.0,0.0,1.0,1.0,0.0,0.0,0.0,0.0,,,,,,,,,,,,,,,,,,,,,,,,,,,,,,,,,,,,,,,,,,,,,,,,,,,,,,,,,,,,,,,,,,,,,,,,,,11.0,9.0,66.0,3.0,0.0,0.0,754.0,4.0,30.0,3958.0,,,,,,,28.0,31.259,1.0,54.0,22.0,844.0,26.0,0.0,25.0,,,,,,,,,,,,,,,,,,,,,,,,,,,,,,,,,,,,,
058c99fc-470c-4579-a165-03e043335cc1 2013 768c92aa-75ff-4a43-bcc0-f2798c2e1724,Dustin Hopkins,Bills,2013,3,K,0,0,23,,,,,,,,,,,,,,,,,,,,,,,,,,,,,,,,,,,,,,,,,,,,,,,,,,,,,,,,,,,,,,,,,,,,,,,,,,,,,,,,,,,,,,,,,,,,,,,,,,,,,,,,,,,,,,,,,,,,,,,,,,,,,,,,,,,,,,,,,,,,,,,,,,,,
058c99fc-470c-4579-a165-03e043335cc1 2015 22052ff7-c065-42ee-bc8f-c4691c50e624,Dustin Hopkins,Redskins,2015,3,K,15,0,25,,,,,,,,,,,,,,,,,,,,,,,,,,,,,,,,,,,,,,,,,,,,,,,,,,,,,,,,,,,,,,,,,,,,,,,,,,,,,,,,,,,,,,,14.0,10.0,80.0,4.0,1.0,1.0,492.0,1.0,52.0,4967.0,,,,,,,28.0,33.185,1.0,54.0,25.0,896.0,40.0,0.0,39.0,0.0,0.0,0.0,0.0,0.0,0.0,0.0,0.0,0.0,0.0,0.0,0.0,0.0,0.0,0.0,0.0,0.0,0.0,0.0,0.0,0.0,0.0,0.0,0.0,2.0,0.0,0.0,0.0,,,,,,,,,
058c99fc-470c-4579-a165-03e043335cc1 2016 22052ff7-c065-42ee-bc8f-c4691c50e624,Dustin Hopkins,Redskins,2016,3,K,16,0,26,,,,,,,,,,,,,,,,,,,,,,,,,1.0,5.0,,,,,,,,,,,,,,,,,,,,,,,,,,,,,,,,,,,,,,,,,,,,,,,,,,,,,,,,,,,,,10.0,12.0,92.0,2.0,0.0,1.0,534.0,1.0,65.0,5788.0,,,,,,,42.0,27.786,0.0,53.0,34.0,1167.0,39.0,0.0,36.0,,,,,,,,,,,,,,,,,,,,,,,,,,,,,,,,,,,,,
058c99fc-470c-4579-a165-03e043335cc1 2017 22052ff7-c065-42ee-bc8f-c4691c50e624,Dustin Hopkins,Redskins,2017,3,K,8,0,27,,,,,,,,,,,,,,,,,,,,,,,,,,,,,,,,,,,,,,,,,,,,,,,,,,,,,,,,,,,,,,,,,,,,,,,,,,,,,,,,,,,,,,,4.0,5.0,40.0,0.0,0.0,0.0,191.0,1.0,29.0,2574.0,,,,,,,17.0,25.588,0.0,49.0,14.0,435.0,19.0,0.0,18.0,,,,,,,,,,,,,,,,,,,,,,,,,,,,,,,,,,,,,
058c99fc-470c-4579-a165-03e043335cc1 2018 22052ff7-c065-42ee-bc8f-c4691c50e624,Dustin Hopkins,Redskins,2018,3,K,16,0,28,,,,,,,,,,,,,,,,,,,,,,,,,,,,,,,,,,,,,,,,,,,,,,,,,,,,,,,,,,,,,,,,,,,,,,,,,,,,,,,,,,,,,,,6.0,1.0,70.0,1.0,0.0,0.0,295.0,1.0,56.0,4443.0,,,,,,,29.0,35.793,0.0,56.0,26.0,1038.0,26.0,0.0,25.0,0.0,0.0,0.0,0.0,0.0,0.0,0.0,0.0,0.0,0.0,0.0,0.0,0.0,0.0,0.0,0.0,0.0,0.0,0.0,0.0,0.0,0.0,0.0,0.0,1.0,0.0,0.0,0.0,,,,,,,,,
596c4000-ede5-45b0-8336-33efeb686d2b 2013 4809ecb0-abd3-451d-9c4a-92a90b83ca06,Caleb Sturgis,Dolphins,2013,6,K,16,0,24,,,,,,,,,,,,,,,,,,,,,,,,,,,,,,,,,,,,,,,,,,,,,,,,,,,,,,,,,,,,,,,,,,,,,,,,,,,,,,,,,,,,,,,26.0,13.0,74.0,0.0,0.0,1.0,811.0,0.0,38.0,4783.0,,,,,,,34.0,29.424,1.0,54.0,26.0,971.0,33.0,0.0,33.0,0.0,0.0,0.0,0.0,0.0,0.0,0.0,0.0,0.0,0.0,0.0,0.0,0.0,1.0,0.0,0.0,0.0,0.0,0.0,0.0,1.0,0.0,0.0,0.0,1.0,0.0,0.0,0.0,,,,,,,,,
596c4000-ede5-45b0-8336-33efeb686d2b 2014 4809ecb0-abd3-451d-9c4a-92a90b83ca06,Caleb Sturgis,Dolphins,2014,6,K,16,0,25,,,,,,,,,,,,,,,,,,,,,,,,,,,,,,,,,,,,,,,,,,,,,,,,,,,,,,,,,,,,,,,,,,,,,,,,,,,,,,,,,,,,,,,33.0,15.0,85.0,1.0,0.0,1.0,1237.0,0.0,37.0,5448.0,,,,,,,37.0,27.857,2.0,53.0,29.0,975.0,41.0,0.0,41.0,0.0,0.0,0.0,0.0,0.0,0.0,0.0,0.0,0.0,0.0,0.0,0.0,0.0,0.0,0.0,0.0,0.0,0.0,0.0,0.0,0.0,0.0,0.0,0.0,4.0,0.0,0.0,0.0,,,,,,,,,
596c4000-ede5-45b0-8336-33efeb686d2b 2015 386bdbf9-9eea-4869-bb9a-274b0bc66e80,Caleb Sturgis,Eagles,2015,6,K,13,0,26,,,,,,,,,,,,,,,,,,,,,,,,,,,,,,,,,,,,,,,,,,,,,,,,,,,,,,,,,,,,,,,,,,,,,,,,,,,,,,,,,,,,,,,16.0,9.0,68.0,2.0,0.0,1.0,533.0,4.0,39.0,4171.0,,,,,,,22.0,30.273000000000003,0.0,53.0,18.0,666.0,37.0,0.0,35.0,,,,,,,,,,,,,,,,,,,,,,,,,,,,,,,,,,,,,
596c4000-ede5-45b0-8336-33efeb686d2b 2016 386bdbf9-9eea-4869-bb9a-274b0bc66e80,Caleb Sturgis,Eagles,2016,6,K,16,0,27,,,,,,,,,,,,,,,,,,,,,,,,,,,,,,,,,,,,,,,,,,,,,,,,,,,,,,,,,,,,,,,,,,,,,,,,,,,,,,,,,,,,,,,15.0,17.0,87.0,3.0,0.0,0.0,712.0,1.0,46.0,5439.0,,,,,,,41.0,31.45,1.0,55.0,35.0,1258.0,31.0,0.0,30.0,,,,,,,,,,,,,,,,,,,,,,,,,,,,,,,,,,,,,
596c4000-ede5-45b0-8336-33efeb686d2b 2017 386bdbf9-9eea-4869-bb9a-274b0bc66e80,Caleb Sturgis,Eagles,2017,6,K,1,0,28,,,,,,,,,,,,,,,,,,,,,,,,,,,,,,,,,,,,,,,,,,,,,,,,,,,,,,,,,,,,,,,,,,,,,,,,,,,,,,,,,,,,,,,2.0,2.0,6.0,0.0,0.0,0.0,77.0,0.0,2.0,374.0,,,,,,,3.0,43.0,0.0,50.0,3.0,129.0,2.0,0.0,1.0,,,,,,,,,,,,,,,,,,,,,,,,,,,,,,,,,,,,,
596c4000-ede5-45b0-8336-33efeb686d2b 2018 1f6dcffb-9823-43cd-9ff4-e7a8466749b5,Caleb Sturgis,Chargers,2018,6,K,6,0,29,,,,,,,,,,,,,,,,,,,,,,,,,1.0,10.0,,,,,,,,,,,,,,1.0,0.0,24.0,24.0,0.0,0.0,1.0,24.0,24.0,0.0,0.0,24.0,,,,,,,,,,,,,,,,,,,,,,,,,,,,,,,,,,,,9.0,3.0,34.0,0.0,0.0,0.0,360.0,0.0,18.0,2195.0,,,,,,,13.0,23.615,0.0,49.0,9.0,307.0,15.0,0.0,9.0,0.0,0.0,0.0,0.0,0.0,0.0,0.0,0.0,0.0,0.0,0.0,0.0,0.0,0.0,0.0,0.0,0.0,0.0,0.0,0.0,0.0,0.0,0.0,0.0,1.0,0.0,0.0,0.0,,,,,,,,,
c7d8781f-b9f6-4e0f-b0b6-29fce3985f3e 2013 82d2d380-3834-4938-835f-aec541e5ece7,Randy Bullock,Texans,2013,4,K,16,0,24,,,,,,,,,,,,,,,,,,,,,,,,,,,,,,,,,,,,,,,,,,,,,,,,,,,,,,,,,,,,,,,,,,,,,,,,,,,,,,,,,,,,,,,26.0,12.0,67.0,0.0,0.0,0.0,982.0,0.0,29.0,4381.0,,,,,,,35.0,27.735,1.0,51.0,26.0,943.0,26.0,0.0,26.0,0.0,0.0,0.0,0.0,0.0,0.0,0.0,0.0,0.0,0.0,0.0,0.0,0.0,0.0,0.0,0.0,0.0,0.0,0.0,0.0,0.0,0.0,0.0,0.0,1.0,0.0,0.0,0.0,,,,,,,,,
c7d8781f-b9f6-4e0f-b0b6-29fce3985f3e 2014 82d2d380-3834-4938-835f-aec541e5ece7,Randy Bullock,Texans,2014,4,K,16,0,25,,,,,,,,,,,,,,,,,,,,,,,,,,,,,,,,,,,,,,,,,,,,,,,,,,,,,,,,,,,,,,,,,,,,,,,,,,,,,,,,,,,,,,,33.0,12.0,86.0,2.0,0.0,0.0,1144.0,0.0,40.0,5613.0,,,,,,,35.0,34.303000000000004,2.0,55.0,30.0,1132.0,40.0,0.0,40.0,0.0,0.0,0.0,0.0,0.0,0.0,0.0,0.0,0.0,0.0,0.0,0.0,0.0,0.0,0.0,0.0,0.0,0.0,0.0,0.0,0.0,0.0,0.0,0.0,1.0,0.0,0.0,0.0,,,,,,,,,
c7d8781f-b9f6-4e0f-b0b6-29fce3985f3e 2015 5fee86ae-74ab-4bdd-8416-42a9dd9964f3,Randy Bullock,Jets,2015,4,K,8,0,26,,,,,,,,,,,,,,,,,,,,,,,,,,,,,,,,,,,,,,,,,,,,,,,,,,,,,,,,,,,,,,,,,,,,,,,,,,,,,,,,,,,,,,,21.0,10.0,42.0,0.0,0.0,1.0,495.0,1.0,20.0,2742.0,,,,,,,17.0,29.353,0.0,49.0,14.0,499.0,20.0,0.0,19.0,,,,,,,,,,,,,,,,,,,,,,,,,,,,,,,,,,,,,
c7d8781f-b9f6-4e0f-b0b6-29fce3985f3e 2015 82d2d380-3834-4938-835f-aec541e5ece7,Randy Bullock,Texans,2015,4,K,3,0,26,,,,,,,,,,,,,,,,,,,,,,,,,,,,,,,,,,,,,,,,,,,,,,,,,,,,,,,,,,,,,,,,,,,,,,,,,,,,,,,,,,,,,,,3.0,0.0,14.0,1.0,0.0,0.0,90.0,0.0,10.0,875.0,,,,,,,6.0,30.333,0.0,47.0,5.0,182.0,5.0,0.0,3.0,,,,,,,,,,,,,,,,,,,,,,,,,,,,,,,,,,,,,
c7d8781f-b9f6-4e0f-b0b6-29fce3985f3e 2016 ad4ae08f-d808-42d5-a1e6-e9bc4e34d123,Randy Bullock,Bengals,2016,4,K,3,0,27,,,,,,,,,,,,,,,,,,,,,,,,,,,,,,,,,,,,,,,,,,,,,,,,,,,,,,,,,,,,,,,,,,,,,,,,,,,,,,,,,,,,,,,1.0,2.0,13.0,0.0,0.0,0.0,95.0,1.0,8.0,820.0,,,,,,,6.0,22.5,0.0,43.0,5.0,135.0,6.0,0.0,6.0,0.0,0.0,0.0,0.0,0.0,0.0,0.0,0.0,0.0,0.0,0.0,0.0,0.0,0.0,0.0,0.0,0.0,0.0,0.0,0.0,0.0,0.0,0.0,0.0,1.0,0.0,0.0,0.0,,,,,,,,,
c7d8781f-b9f6-4e0f-b0b6-29fce3985f3e 2016 cb2f9f1f-ac67-424e-9e72-1475cb0ed398,Randy Bullock,Steelers,2016,4,K,1,0,27,,,,,,,,,,,,,,,,,,,,,,,,,,,,,,,,,,,,,,,,,,,,,,,,,,,,,,,,,,,,,,,,,,,,,,,,,,,,,,,,,,,,,,,1.0,1.0,6.0,0.0,0.0,0.0,78.0,0.0,3.0,375.0,,,,,,,3.0,38.667,0.0,44.0,3.0,116.0,1.0,0.0,1.0,,,,,,,,,,,,,,,,,,,,,,,,,,,,,,,,,,,,,
c7d8781f-b9f6-4e0f-b0b6-29fce3985f3e 2016 04aa1c9d-66da-489d-b16a-1dee3f2eec4d,Randy Bullock,Giants,2016,4,K,1,0,27,,,,,,,,,,,,,,,,,,,,,,,,,,,,,,,,,,,,,,,,,,,,,,,,,,,,,,,,,,,,,,,,,,,,,,,,,,,,,,,,,,,,,,,0.0,0.0,4.0,0.0,0.0,0.0,21.0,1.0,3.0,255.0,,,,,,,,,,,,,3.0,0.0,2.0,,,,,,,,,,,,,,,,,,,,,,,,,,,,,,,,,,,,,
c7d8781f-b9f6-4e0f-b0b6-29fce3985f3e 2017 ad4ae08f-d808-42d5-a1e6-e9bc4e34d123,Randy Bullock,Bengals,2017,4,K,15,0,28,,,,,,,,,,,,,,,,,,,,,,,,,,,,,,,,,,,,,,,,,,,,,,,,,,,,,,,,,,,,,,,,,,,,,,,,,,,,,,,,,,,,,,,9.0,4.0,65.0,0.0,0.0,1.0,782.0,0.0,30.0,4071.0,,,,,,,20.0,32.842,1.0,51.0,18.0,624.0,33.0,0.0,31.0,,,,,,,,,,,,,,,,,,,,,,,,,,,,,,,,,,,,,
c7d8781f-b9f6-4e0f-b0b6-29fce3985f3e 2018 ad4ae08f-d808-42d5-a1e6-e9bc4e34d123,Randy Bullock,Bengals,2018,4,K,16,0,29,,,,,,,,,,,,,,,,,,,,,,,,,,,,,,,,,,,,,,,,,,,,,,,,,,,,,,,,,,,,,,,,,,,,,,,,,,,,,,,,,,,,,,,16.0,7.0,79.0,1.0,0.0,1.0,705.0,1.0,45.0,4969.0,,,,,,,23.0,33.857,2.0,51.0,19.0,711.0,41.0,0.0,39.0,,,,,,,,,,,,,,,,,,,,,,,,,,,,,,,,,,,,,
6444feb1-f5a4-4b45-9a45-79308a4445fd 2014 ce92bd47-93d5-4fe9-ada4-0fc681e6caa0,Brandon McManus,Broncos,2014,8,K,15,0,23,,,,,,,,,,,,,,,,,,,,,,,,,,,,,,,,,,,,,,,,,,,,,,,,,,,,,,,,,,,,,,,,,,,,,,,,,,,,,,,,,,,,,,,22.0,10.0,91.0,0.0,0.0,0.0,706.0,0.0,64.0,5981.0,,,,,,,13.0,21.0,0.0,44.0,9.0,273.0,41.0,0.0,41.0,,,,,,,,,,,,,,,,,,,,,,,,,,,,,,,,,,,,,
6444feb1-f5a4-4b45-9a45-79308a4445fd 2015 ce92bd47-93d5-4fe9-ada4-0fc681e6caa0,Brandon McManus,Broncos,2015,8,K,16,0,24,,,,,,,,,,,,,,,,,,,,,,,,,,,,,,,,,,,,,,,,1.0,4.27,21.0,41.0,0.0,4.27,0.0,41.0,21.0,0.0,1.0,41.0,,,,,,,,,,,,,,,,,,,,,,,,,,,,,,,,,,,,12.0,6.0,81.0,3.0,0.0,0.0,492.0,3.0,55.0,5046.0,,,,,,,35.0,30.657,0.0,57.0,30.0,1073.0,36.0,0.0,35.0,0.0,0.0,0.0,0.0,0.0,0.0,0.0,0.0,0.0,0.0,0.0,0.0,0.0,0.0,0.0,0.0,0.0,0.0,0.0,0.0,1.0,0.0,0.0,0.0,0.0,0.0,0.0,0.0,,,,,,,,,
6444feb1-f5a4-4b45-9a45-79308a4445fd 2016 ce92bd47-93d5-4fe9-ada4-0fc681e6caa0,Brandon McManus,Broncos,2016,8,K,16,0,25,,,,,,,,,,,,,,,,,,,,,,,,,,,1.0,6.0,0.0,0.0,6.0,0.0,0.0,0.0,0.0,0.0,0.0,6.0,0.0,,,,,,,,,,,,,,,,,,,,,,,,,,,,,,,,,,,,,,,,,,,,,,,,6.0,10.0,79.0,3.0,1.0,1.0,440.0,2.0,51.0,4836.0,,,,,,,34.0,30.176,0.0,55.0,29.0,1026.0,33.0,1.0,32.0,0.0,0.0,0.0,0.0,0.0,0.0,0.0,0.0,0.0,0.0,0.0,0.0,0.0,0.0,0.0,0.0,0.0,0.0,0.0,0.0,0.0,0.0,0.0,0.0,3.0,0.0,0.0,0.0,,,,,,,,,
6444feb1-f5a4-4b45-9a45-79308a4445fd 2017 ce92bd47-93d5-4fe9-ada4-0fc681e6caa0,Brandon McManus,Broncos,2017,8,K,16,0,26,,,,,,,,,,,,,,,,,,,,,,,,,1.0,5.0,,,,,,,,,,,,,,1.0,0.0,26.0,26.0,0.0,0.0,1.0,26.0,26.0,0.0,0.0,26.0,,,,,,,,,,,,,,,,,,,,,,,,,,,,,,,,,,,,10.0,5.0,71.0,6.0,0.0,0.0,460.0,2.0,45.0,4191.0,,,,,,,32.0,28.8,2.0,53.0,24.0,864.0,27.0,0.0,27.0,0.0,0.0,0.0,0.0,0.0,0.0,0.0,0.0,0.0,0.0,0.0,0.0,0.0,0.0,0.0,0.0,0.0,0.0,0.0,0.0,1.0,0.0,0.0,0.0,0.0,0.0,0.0,0.0,,,,,,,,,
6444feb1-f5a4-4b45-9a45-79308a4445fd 2018 ce92bd47-93d5-4fe9-ada4-0fc681e6caa0,Brandon McManus,Broncos,2018,8,K,16,0,27,,,,,,,,,,,,,,,,,,,,,,,,,,,,,,,,,,,,,,,,,,,,,,,,,,,,,,,,,,,,,,,,,,,,,,,,,,,,,,,,,,,,,,,12.0,10.0,73.0,4.0,0.0,1.0,581.0,0.0,42.0,4473.0,,,,,,,25.0,30.04,0.0,53.0,20.0,751.0,35.0,0.0,35.0,0.0,0.0,0.0,0.0,0.0,0.0,0.0,0.0,0.0,0.0,0.0,0.0,0.0,0.0,0.0,0.0,0.0,0.0,0.0,0.0,0.0,0.0,0.0,0.0,1.0,0.0,0.0,0.0,,,,,,,,,
d96ff17c-841a-4768-8e08-3a4cfcb7f717 2014 6680d28d-d4d2-49f6-aace-5292d3ec02c2,Cairo Santos,Chiefs,2014,5,K,16,0,23,,,,,,,,,,,,,,,,,,,,,,,,,1.0,10.0,,,,,,,,,,,,,,,,,,,,,,,,,,,,,,,,,,,,,,,,,,,,,,,,,,,,,,,,,,,,,29.0,16.0,80.0,1.0,0.0,0.0,1278.0,0.0,26.0,5085.0,,,,,,,30.0,27.567,0.0,53.0,25.0,827.0,38.0,0.0,38.0,0.0,0.0,0.0,0.0,0.0,0.0,0.0,0.0,0.0,0.0,0.0,0.0,0.0,0.0,0.0,0.0,0.0,0.0,0.0,0.0,0.0,0.0,0.0,0.0,1.0,0.0,0.0,0.0,,,,,,,,,
d96ff17c-841a-4768-8e08-3a4cfcb7f717 2015 6680d28d-d4d2-49f6-aace-5292d3ec02c2,Cairo Santos,Chiefs,2015,2,K,16,0,24,,,,,,,,,,,,,,,,,,,,,,,,,,,,,,,,,,,,,,,,,,,,,,,,,,,,,,,,,,,3.0,0.0,100.0,1.0,0.0,0.0,3.0,0.0,0.0,0.0,3.0,0.0,3.0,0.0,79.2,0.0,0.0,0.0,0.0,0.0,0.0,3.0,,,,,,,37.0,19.0,90.0,2.0,0.0,1.0,1137.0,3.0,40.0,5721.0,,,,,,,37.0,31.306,1.0,53.0,30.0,1127.0,41.0,0.0,39.0,0.0,0.0,0.0,0.0,0.0,0.0,0.0,0.0,0.0,0.0,0.0,0.0,0.0,0.0,0.0,0.0,0.0,0.0,0.0,0.0,0.0,0.0,0.0,0.0,1.0,0.0,0.0,0.0,,,,,,,,,
d96ff17c-841a-4768-8e08-3a4cfcb7f717 2016 6680d28d-d4d2-49f6-aace-5292d3ec02c2,Cairo Santos,Chiefs,2016,5,K,16,0,25,,,,,,,,,,,,,,,,,,,,,,,,,,,,,,,,,,,,,,,,,,,,,,,,,,,,,,,,,,,,,,,,,,,,,,,,,,,,,,,,,,,,,,,13.0,7.0,86.0,2.0,0.0,1.0,843.0,0.0,48.0,5355.0,,,,,,,35.0,31.257,0.0,54.0,31.0,1094.0,39.0,1.0,36.0,0.0,0.0,0.0,0.0,0.0,0.0,0.0,0.0,0.0,0.0,0.0,0.0,0.0,0.0,0.0,0.0,0.0,0.0,0.0,0.0,0.0,0.0,0.0,0.0,2.0,0.0,0.0,0.0,,,,,,,,,
d96ff17c-841a-4768-8e08-3a4cfcb7f717 2017 6680d28d-d4d2-49f6-aace-5292d3ec02c2,Cairo Santos,Chiefs,2017,5,K,3,0,26,,,,,,,,,,,,,,,,,,,,,,,,,,,,,,,,,,,,,,,,,,,,,,,,,,,,,,,,,,,,,,,,,,,,,,,,,,,,,,,,,,,,,,,4.0,3.0,18.0,0.0,0.0,0.0,168.0,3.0,10.0,1178.0,,,,,,,3.0,35.667,0.0,39.0,3.0,107.0,12.0,0.0,12.0,,,,,,,,,,,,,,,,,,,,,,,,,,,,,,,,,,,,,
d96ff17c-841a-4768-8e08-3a4cfcb7f717 2017 7b112545-38e6-483c-a55c-96cf6ee49cb8,Cairo Santos,Bears,2017,5,K,2,0,26,,,,,,,,,,,,,,,,,,,,,,,,,,,,,,,,,,,,,,,,,,,,,,,,,,,,,,,,,,,,,,,,,,,,,,,,,,,,,,,,,,,,,,,0.0,0.0,2.0,0.0,0.0,0.0,0.0,0.0,2.0,130.0,,,,,,,2.0,19.0,0.0,38.0,1.0,38.0,2.0,0.0,2.0,,,,,,,,,,,,,,,,,,,,,,,,,,,,,,,,,,,,,
d96ff17c-841a-4768-8e08-3a4cfcb7f717 2018 4254d319-1bc7-4f81-b4ab-b5e6f3402b69,Cairo Santos,Buccaneers,2018,5,K,7,0,27,,,,,,,,,,,,,,,,,,,,,,,,,,,,,,,,,,,,,,,,,,,,,,,,,,,,,,,,,,,,,,,,,,,,,,,,,,,,,,,,,,,,,,,7.0,4.0,36.0,2.0,0.0,0.0,485.0,2.0,12.0,2156.0,,,,,,,12.0,27.25,0.0,45.0,9.0,327.0,17.0,0.0,17.0,,,,,,,,,,,,,,,,,,,,,,,,,,,,,,,,,,,,,
d96ff17c-841a-4768-8e08-3a4cfcb7f717 2018 2eff2a03-54d4-46ba-890e-2bc3925548f3,Cairo Santos,Rams,2018,5,K,2,0,27,,,,,,,,,,,,,,,,,,,,,,,,,,,,,,,,,,,,,,,,,,,,,,,,,,,,,,,,,,,,,,,,,,,,,,,,,,,,,,,,,,,,,,,2.0,1.0,13.0,0.0,0.0,0.0,143.0,0.0,7.0,821.0,,,,,,,6.0,24.0,0.0,39.0,5.0,144.0,6.0,0.0,5.0,,,,,,,,,,,,,,,,,,,,,,,,,,,,,,,,,,,,,
4b99ead5-0f79-4899-84a7-075c08890698 2014 386bdbf9-9eea-4869-bb9a-274b0bc66e80,Cody Parkey,Eagles,2014,1,K,16,0,22,,,,,,,,,,,,,,,,,,,,,,,,,,,,,,,,,,,,,,,,,,,,,,,,,,,,,,,,,,,,,,,,,,,,,,,,,,,,,,,,,,,,,,,38.0,20.0,98.0,0.0,0.0,0.0,1183.0,0.0,46.0,6401.0,,,,,,,36.0,30.778,0.0,54.0,32.0,1108.0,54.0,0.0,54.0,0.0,0.0,0.0,0.0,0.0,0.0,0.0,0.0,0.0,0.0,0.0,0.0,0.0,0.0,0.0,0.0,0.0,0.0,0.0,0.0,1.0,0.0,0.0,0.0,2.0,0.0,0.0,0.0,,,,,,,,,
4b99ead5-0f79-4899-84a7-075c08890698 2015 386bdbf9-9eea-4869-bb9a-274b0bc66e80,Cody Parkey,Eagles,2015,1,K,3,0,23,,,,,,,,,,,,,,,,,,,,,,,,,,,,,,,,,,,,,,,,,,,,,,,,,,,,,,,,,,,,,,,,,,,,,,,,,,,,,,,,,,,,,,,6.0,3.0,13.0,1.0,0.0,1.0,172.0,0.0,3.0,754.0,,,,,,,4.0,26.25,0.0,46.0,3.0,105.0,7.0,0.0,7.0,,,,,,,,,,,,,,,,,,,,,,,,,,,,,,,,,,,,,
4b99ead5-0f79-4899-84a7-075c08890698 2016 d5a2eb42-8065-4174-ab79-0a6fa820e35e,Cody Parkey,Browns,2016,1,K,14,0,24,,,,,,,,,,,,,,,,,,,,,,,,,,,,,,,,,,,,,,,,,,,,,,,,,,,,,,,,,,,,,,,,,,,,,,,,,,,,,,,,,,,,,,,6.0,7.0,57.0,3.0,1.0,2.0,379.0,0.0,34.0,3475.0,,,,,,,25.0,28.84,0.0,51.0,20.0,721.0,21.0,0.0,20.0,,,,,,,,,,,,,,,,,,,,,,,,,,,,,,,,,,,,,
4b99ead5-0f79-4899-84a7-075c08890698 2017 4809ecb0-abd3-451d-9c4a-92a90b83ca06,Cody Parkey,Dolphins,2017,1,K,16,0,25,,,,,,,,,,,,,,,,,,,,,,,,,,,,,,,,,,,,,,,,,,,,,,,,,,,,,,,,,,,,,,,,,,,,,,,,,,,,,,,,,,,,,,,16.0,12.0,67.0,5.0,4.0,0.0,665.0,0.0,28.0,4013.0,,,,,,,23.0,33.13,0.0,54.0,21.0,762.0,29.0,0.0,26.0,0.0,0.0,0.0,0.0,0.0,0.0,0.0,0.0,0.0,0.0,0.0,0.0,0.0,0.0,0.0,0.0,0.0,0.0,0.0,0.0,0.0,0.0,0.0,0.0,1.0,0.0,0.0,0.0,,,,,,,,,
4b99ead5-0f79-4899-84a7-075c08890698 2018 7b112545-38e6-483c-a55c-96cf6ee49cb8,Cody Parkey,Bears,2018,1,K,16,0,26,,,,,,,,,,,,,,,,,,,,,,,,,,,,,,,,,,,,,,,,,,,,,,,,,,,,,,,,,,,,,,,,,,,,,,,,,,,,,,,,,,,,,,,9.0,5.0,89.0,1.0,1.0,1.0,548.0,1.0,65.0,5627.0,,,,,,,30.0,27.233,0.0,50.0,23.0,817.0,45.0,0.0,42.0,,,,,,,,,,,,,,,,,,,,,,,,,,,,,,,,,,,,,
0d1171d4-c955-4966-9257-640b569866d1 2014 de760528-1dc0-416a-a978-b510d20692ff,Chandler Catanzaro,Cardinals,2014,7,K,16,0,23,,,,,,,,,,,,,,,,,,,,,,,,,,,,,,,,,,,,,,,,,,,,,,,,,,,,,,,,,,,,,,,,,,,,,,,,,,,,,,,,,,,,,,,35.0,10.0,76.0,1.0,0.0,0.0,967.0,0.0,38.0,5054.0,,,,,,,33.0,33.0,0.0,51.0,29.0,1089.0,27.0,0.0,27.0,0.0,0.0,0.0,0.0,0.0,0.0,0.0,0.0,0.0,0.0,0.0,0.0,0.0,0.0,0.0,0.0,0.0,0.0,0.0,0.0,0.0,0.0,0.0,0.0,2.0,0.0,0.0,0.0,,,,,,,,,
0d1171d4-c955-4966-9257-640b569866d1 2015 de760528-1dc0-416a-a978-b510d20692ff,Chandler Catanzaro,Cardinals,2015,7,K,16,0,24,,,,,,,,,,,,,,,,,,,,,,,,,,,,,,,,,,,,,,,,,,,,,,,,,,,,,,,,,,,,,,,,,,,,,,,,,,,,,,,,,,,,,,,33.0,14.0,99.0,0.0,0.0,0.0,1191.0,3.0,50.0,6445.0,,,,,,,31.0,28.774,0.0,47.0,28.0,892.0,58.0,0.0,53.0,0.0,0.0,0.0,0.0,0.0,0.0,0.0,0.0,0.0,0.0,0.0,0.0,0.0,0.0,0.0,0.0,0.0,0.0,0.0,0.0,0.0,0.0,0.0,0.0,6.0,0.0,0.0,0.0,,,,,,,,,
0d1171d4-c955-4966-9257-640b569866d1 2016 de760528-1dc0-416a-a978-b510d20692ff,Chandler Catanzaro,Cardinals,2016,7,K,16,0,25,,,,,,,,,,,,,,,,,,,,,,,,,,,,,,,,,,,,,,,,2.0,3.816,33.0,33.0,0.0,7.632999999999999,0.0,47.0,66.0,0.0,0.0,66.0,,,,,,,,,,,,,,,,,,,,,,,,,,,,,,,,,,,,17.0,9.0,83.0,2.0,0.0,1.0,671.0,1.0,52.0,5220.0,,,,,,,28.0,28.963,1.0,60.0,21.0,782.0,47.0,1.0,43.0,0.0,0.0,0.0,0.0,0.0,0.0,0.0,0.0,0.0,0.0,0.0,0.0,0.0,0.0,0.0,0.0,0.0,0.0,0.0,0.0,1.0,0.0,0.0,0.0,0.0,0.0,0.0,0.0,,,,,,,,,
0d1171d4-c955-4966-9257-640b569866d1 2017 5fee86ae-74ab-4bdd-8416-42a9dd9964f3,Chandler Catanzaro,Jets,2017,4,K,16,0,26,,,,,,,,,,,,,,,,,,,,,,,,,,,,,,,,,,,,,,,,,,,,,,,,,,,,,,,,,,,,,,,,,,,,,,,,,,,,,,,,,,,,,,,14.0,7.0,71.0,4.0,1.0,1.0,455.0,1.0,45.0,4349.0,,,,,,,30.0,33.034,1.0,57.0,25.0,958.0,29.0,0.0,29.0,,,,,,,,,,,,,,,,,,,,,,,,,,,,,,,,,,,,,
0d1171d4-c955-4966-9257-640b569866d1 2018 4254d319-1bc7-4f81-b4ab-b5e6f3402b69,Chandler Catanzaro,Buccaneers,2018,4,K,9,0,27,,,,,,,,,,,,,,,,,,,,,,,,,,,,,,,,,,,,,,,,,,,,,,,,,,,,,,,,,,,,,,,,,,,,,,,,,,,,,,,,,,,,,,,5.0,3.0,49.0,0.0,0.0,0.0,217.0,1.0,39.0,3120.0,,,,,,,15.0,25.067,0.0,59.0,11.0,376.0,27.0,0.0,23.0,,,,,,,,,,,,,,,,,,,,,,,,,,,,,,,,,,,,,
0d1171d4-c955-4966-9257-640b569866d1 2018 f14bf5cc-9a82-4a38-bc15-d39f75ed5314,Chandler Catanzaro,Panthers,2018,4,K,4,0,27,,,,,,,,,,,,,,,,,,,,,,,,,,,,,,,,,,,,,,,,,,,,,,,,,,,,,,,,,,,,,,,,,,,,,,,,,,,,,,,,,,,,,,,1.0,1.0,16.0,0.0,0.0,0.0,62.0,0.0,13.0,998.0,,,,,,,5.0,37.4,0.0,51.0,5.0,187.0,8.0,0.0,7.0,0.0,0.0,0.0,0.0,0.0,0.0,0.0,0.0,0.0,0.0,0.0,0.0,0.0,0.0,0.0,0.0,0.0,0.0,0.0,0.0,0.0,0.0,0.0,0.0,1.0,0.0,0.0,0.0,,,,,,,,,
441eb531-1ec8-4f65-9174-78bc6adada63 2015 cb2f9f1f-ac67-424e-9e72-1475cb0ed398,Chris Boswell,Steelers,2015,9,K,12,0,24,,,,,,,,,,,,,,,,,,,,,,,,,1.0,15.0,,,,,,,,,,,,,,,,,,,,,,,,,,,,,,,,,,,,,,,,,,,,,,,,,,,,,,,,,,,,,28.0,11.0,74.0,0.0,0.0,1.0,1062.0,6.0,26.0,4680.0,,,,,,,32.0,31.969,0.0,51.0,29.0,1023.0,27.0,0.0,26.0,0.0,0.0,0.0,0.0,0.0,0.0,0.0,0.0,0.0,0.0,0.0,0.0,0.0,0.0,0.0,0.0,0.0,0.0,0.0,0.0,0.0,0.0,0.0,0.0,2.0,0.0,0.0,0.0,,,,,,,,,
441eb531-1ec8-4f65-9174-78bc6adada63 2016 cb2f9f1f-ac67-424e-9e72-1475cb0ed398,Chris Boswell,Steelers,2016,9,K,15,0,25,,,,,,,,,,,,,,,,,,,,,,,,,1.0,0.0,,,,,,,,,,,,,,,,,,,,,,,,,,,,,,,,,,,,,,,,,,,,,,,,,,,,,,,,,,,,,14.0,8.0,80.0,2.0,0.0,3.0,639.0,1.0,49.0,4953.0,,,,,,,25.0,34.542,1.0,49.0,21.0,829.0,36.0,0.0,36.0,0.0,0.0,0.0,0.0,0.0,0.0,0.0,0.0,0.0,0.0,0.0,0.0,0.0,0.0,0.0,0.0,0.0,0.0,0.0,0.0,0.0,0.0,0.0,0.0,1.0,0.0,0.0,0.0,,,,,,,,,
441eb531-1ec8-4f65-9174-78bc6adada63 2017 cb2f9f1f-ac67-424e-9e72-1475cb0ed398,Chris Boswell,Steelers,2017,9,K,16,0,26,,,,,,,,,,,,,,,,,,,,,,,,,,,,,,,,,,,,,,,,,,,,,,,,,,,,,,,,,,,,,,,,,,,,,,,,,,,,,,,,,,,,,,,19.0,13.0,90.0,0.0,0.0,1.0,906.0,2.0,46.0,5681.0,,,,,,,38.0,34.324,1.0,53.0,35.0,1270.0,39.0,1.0,37.0,0.0,0.0,0.0,0.0,0.0,0.0,0.0,0.0,0.0,0.0,0.0,0.0,0.0,0.0,0.0,0.0,0.0,0.0,0.0,0.0,0.0,0.0,0.0,0.0,1.0,0.0,0.0,0.0,,,,,,,,,
441eb531-1ec8-4f65-9174-78bc6adada63 2018 cb2f9f1f-ac67-424e-9e72-1475cb0ed398,Chris Boswell,Steelers,2018,9,K,15,0,27,,,,,,,,,,,,,,,,,,,,,,,,,,,,,,,,,,,,,,,,,,,,,,,,,,,,,,,,,,,2.0,0.0,100.0,1.0,0.0,0.0,2.0,0.0,0.0,0.0,2.0,2.0,2.0,0.0,118.8,1.0,0.0,0.0,0.0,0.0,1.0,2.0,,,,,,,11.0,6.0,81.0,0.0,0.0,0.0,640.0,0.0,50.0,5097.0,,,,,,,20.0,25.947,1.0,50.0,13.0,493.0,48.0,0.0,43.0,0.0,0.0,0.0,0.0,0.0,0.0,0.0,0.0,0.0,0.0,0.0,0.0,0.0,0.0,0.0,0.0,0.0,0.0,0.0,0.0,0.0,0.0,0.0,0.0,2.0,0.0,0.0,0.0,,,,,,,,,
7af4c94b-529b-4403-ab66-2bfed3fcf0c7 2015 f7ddd7fa-0bae-4f90-bc8e-669e4d6cf2de,Jason Myers,Jaguars,2015,2,K,16,0,24,,,,,,,,,,,,,,,,,,,,,,,,,,,,,,,,,,,,,,,,,,,,,,,,,,,,,,,,,,,,,,,,,,,,,,,,,,,,,,,,,,,,,,,17.0,12.0,84.0,5.0,0.0,4.0,553.0,1.0,55.0,5208.0,,,,,,,30.0,31.31,1.0,58.0,26.0,908.0,39.0,0.0,32.0,0.0,0.0,0.0,0.0,0.0,0.0,0.0,0.0,0.0,0.0,0.0,0.0,0.0,0.0,0.0,0.0,0.0,0.0,0.0,0.0,0.0,0.0,0.0,0.0,2.0,0.0,0.0,0.0,,,,,,,,,
7af4c94b-529b-4403-ab66-2bfed3fcf0c7 2016 f7ddd7fa-0bae-4f90-bc8e-669e4d6cf2de,Jason Myers,Jaguars,2016,2,K,16,0,25,,,,,,,,,,,,,,,,,,,,,,,,,1.0,5.0,,,,,,,,,,,,,,,,,,,,,,,,,,,,,,,,,,,,,,,,,,,,,,,,,,,,,,,,,,,,,4.0,3.0,76.0,4.0,0.0,2.0,261.0,3.0,60.0,4673.0,,,,,,,34.0,34.688,2.0,56.0,27.0,1110.0,32.0,0.0,29.0,0.0,0.0,0.0,0.0,0.0,0.0,0.0,0.0,0.0,0.0,0.0,0.0,0.0,0.0,0.0,0.0,0.0,0.0,0.0,0.0,0.0,0.0,0.0,0.0,1.0,0.0,0.0,0.0,,,,,,,,,
7af4c94b-529b-4403-ab66-2bfed3fcf0c7 2017 f7ddd7fa-0bae-4f90-bc8e-669e4d6cf2de,Jason Myers,Jaguars,2017,2,K,6,0,26,,,,,,,,,,,,,,,,,,,,,,,,,,,,,,,,,,,,,,,,,,,,,,,,,,,,,,,,,,,,,,,,,,,,,,,,,,,,,,,,,,,,,,,3.0,1.0,35.0,1.0,0.0,1.0,216.0,2.0,26.0,2117.0,,,,,,,15.0,25.667,0.0,47.0,11.0,385.0,17.0,0.0,15.0,,,,,,,,,,,,,,,,,,,,,,,,,,,,,,,,,,,,,
7af4c94b-529b-4403-ab66-2bfed3fcf0c7 2018 5fee86ae-74ab-4bdd-8416-42a9dd9964f3,Jason Myers,Jets,2018,2,K,16,0,27,,,,,,,,,,,,,,,,,,,,,,,,,,,,,,,,,,,,,,,,,,,,,,,,,,,,,,,,,,,,,,,,,,,,,,,,,,,,,,,,,,,,,,,9.0,3.0,82.0,0.0,0.0,0.0,531.0,1.0,60.0,5255.0,,,,,,,36.0,37.056,0.0,56.0,33.0,1334.0,33.0,0.0,30.0,0.0,0.0,0.0,0.0,0.0,0.0,0.0,0.0,0.0,0.0,0.0,0.0,0.0,0.0,0.0,0.0,0.0,0.0,0.0,0.0,0.0,0.0,0.0,0.0,1.0,0.0,0.0,0.0,,,,,,,,,
c4cf84d0-6022-4ac1-a9ba-85587921c53f 2016 0d855753-ea21-4953-89f9-0e20aff9eb73,Wil Lutz,Saints,2016,3,K,16,0,22,,,,,,,,,,,,,,,,,,,,,,,,,,,,,,,,,,,,,,,,,,,,,,,,,,,,,,,,,,,,,,,,,,,,,,,,,,,,,,,,,,,,,,,20.0,11.0,93.0,4.0,1.0,1.0,898.0,3.0,49.0,5693.0,,,,,,,34.0,30.656,2.0,57.0,28.0,981.0,50.0,1.0,49.0,0.0,0.0,0.0,0.0,0.0,0.0,0.0,0.0,0.0,0.0,0.0,0.0,0.0,0.0,0.0,0.0,0.0,0.0,0.0,0.0,0.0,0.0,0.0,0.0,1.0,0.0,0.0,0.0,,,,,,,,,
c4cf84d0-6022-4ac1-a9ba-85587921c53f 2017 0d855753-ea21-4953-89f9-0e20aff9eb73,Wil Lutz,Saints,2017,3,K,16,0,23,,,,,,,,,,,,,,,,,,,,,,,,,1.0,15.0,1.0,4.0,0.0,0.0,4.0,0.0,0.0,0.0,0.0,0.0,0.0,4.0,0.0,,,,,,,,,,,,,,,,,,,,,,,,,,,,,,,,,,,,,,,,,,,,,,,,24.0,14.0,94.0,3.0,0.0,2.0,788.0,0.0,58.0,5972.0,,,,,,,36.0,32.083,0.0,53.0,31.0,1155.0,50.0,2.0,47.0,0.0,0.0,0.0,0.0,0.0,0.0,0.0,0.0,0.0,0.0,0.0,0.0,0.0,0.0,0.0,0.0,0.0,0.0,0.0,0.0,1.0,0.0,0.0,0.0,2.0,0.0,0.0,0.0,,,,,,,,,
c4cf84d0-6022-4ac1-a9ba-85587921c53f 2018 0d855753-ea21-4953-89f9-0e20aff9eb73,Wil Lutz,Saints,2018,3,K,16,0,24,,,,,,,,,,,,,,,,,,,,,,,,,,,,,,,,,,,,,,,,,,,,,,,,,,,,,,,,,,,,,,,,,,,,,,,,,,,,,,,,,,,,,,,21.0,7.0,101.0,0.0,0.0,0.0,862.0,2.0,64.0,6503.0,,,,,,,30.0,35.897,1.0,54.0,28.0,1041.0,53.0,0.0,52.0,0.0,0.0,0.0,0.0,0.0,0.0,0.0,0.0,0.0,0.0,0.0,0.0,0.0,0.0,0.0,0.0,0.0,0.0,0.0,0.0,0.0,0.0,0.0,0.0,3.0,0.0,0.0,0.0,,,,,,,,,
93d11276-45d2-4168-a9b7-df0cbf12dabb 2016 2eff2a03-54d4-46ba-890e-2bc3925548f3,Greg Zuerlein,Rams,2016,4,K,16,0,29,,,,,,,,,,,,,,,,,,,,,,,,,,,,,,,,,,,,,,,,,,,,,,,,,,,,,,,,,,,,,,,,,,,,,,,,,,,,,,,,,,,,,,,12.0,8.0,59.0,1.0,0.0,0.0,430.0,2.0,36.0,3794.0,,,,,,,22.0,31.5,0.0,54.0,19.0,693.0,23.0,0.0,23.0,0.0,0.0,0.0,0.0,0.0,0.0,0.0,0.0,0.0,0.0,0.0,0.0,0.0,0.0,0.0,0.0,0.0,0.0,0.0,0.0,1.0,0.0,0.0,0.0,0.0,0.0,0.0,0.0,,,,,,,,,
93d11276-45d2-4168-a9b7-df0cbf12dabb 2017 2eff2a03-54d4-46ba-890e-2bc3925548f3,Greg Zuerlein,Rams,2017,4,K,14,0,30,,,,,,,,,,,,,,,,,,,,,,,,,,,,,,,,,,,,,,,,,,,,,,,,,,,,,,,,,,,,,,,,,,,,,,,,,,,,,,,,,,,,,,,10.0,8.0,95.0,0.0,0.0,2.0,411.0,0.0,73.0,6075.0,,,,,,,40.0,36.1,0.0,56.0,38.0,1444.0,46.0,0.0,44.0,,,,,,,,,,,,,,,,,,,,,,,,,,,,,,,,,,,,,
93d11276-45d2-4168-a9b7-df0cbf12dabb 2018 2eff2a03-54d4-46ba-890e-2bc3925548f3,Greg Zuerlein,Rams,2018,4,K,11,0,31,,,,,,,,,,,,,,,,,,,,,,,,,,,,,,,,,,,,,,,,,,,,,,,,,,,,,,,,,,,,,,,,,,,,,,,,,,,,,,,,,,,,,,,6.0,2.0,75.0,0.0,0.0,0.0,427.0,0.0,57.0,4843.0,,,,,,,31.0,30.742,0.0,56.0,27.0,953.0,36.0,0.0,35.0,0.0,0.0,0.0,0.0,0.0,0.0,0.0,0.0,0.0,0.0,0.0,0.0,0.0,0.0,0.0,0.0,0.0,0.0,0.0,0.0,0.0,0.0,0.0,0.0,1.0,0.0,0.0,0.0,,,,,,,,,
cd0f4ef0-9914-4125-be4d-804a72350ceb 2017 d5a2eb42-8065-4174-ab79-0a6fa820e35e,Zane Gonzalez,Browns,2017,5,K,16,0,22,,,,,,,,,,,,,,,,,,,,,,,,,,,,,,,,,,,,,,,,1.0,3.237,16.0,16.0,0.0,3.237,0.0,16.0,16.0,0.0,0.0,16.0,,,,,,,,,,,,,,,,,,,,,,,,,,,,,,,,,,,,4.0,4.0,56.0,4.0,0.0,0.0,452.0,2.0,33.0,3286.0,,,,,,,20.0,27.35,0.0,54.0,15.0,547.0,26.0,0.0,25.0,,,,,,,,,,,,,,,,,,,,,,,,,,,,,,,,,,,,,
cd0f4ef0-9914-4125-be4d-804a72350ceb 2018 d5a2eb42-8065-4174-ab79-0a6fa820e35e,Zane Gonzalez,Browns,2018,5,K,2,0,23,,,,,,,,,,,,,,,,,,,,,,,,,,,,,,,,,,,,,,,,,,,,,,,,,,,,,,,,,,,,,,,,,,,,,,,,,,,,,,,,,,,,,,,2.0,0.0,9.0,0.0,0.0,0.0,116.0,0.0,5.0,576.0,,,,,,,5.0,19.5,1.0,39.0,2.0,78.0,5.0,0.0,3.0,,,,,,,,,,,,,,,,,,,,,,,,,,,,,,,,,,,,,
cd0f4ef0-9914-4125-be4d-804a72350ceb 2018 de760528-1dc0-416a-a978-b510d20692ff,Zane Gonzalez,Cardinals,2018,5,K,5,0,23,,,,,,,,,,,,,,,,,,,,,,,,,,,,,,,,,,,,,,,,,,,,,,,,,,,,,,,,,,,,,,,,,,,,,,,,,,,,,,,,,,,,,,,3.0,2.0,19.0,0.0,0.0,0.0,142.0,0.0,12.0,1226.0,,,,,,,9.0,31.889,0.0,55.0,7.0,287.0,6.0,0.0,5.0,,,,,,,,,,,,,,,,,,,,,,,,,,,,,,,,,,,,,
69bdf41e-3c32-46c1-93b8-e952edf5c61d 2017 f7ddd7fa-0bae-4f90-bc8e-669e4d6cf2de,Josh Lambo,Jaguars,2017,4,K,10,0,27,,,,,,,,,,,,,,,,,,,,,,,,,,,,,,,,,,,,,,,,,,,,,,,,,,,,,,,,,,,,,,,,,,,,,,,,,,,,,,,,,,,,,,,9.0,6.0,57.0,2.0,1.0,1.0,601.0,6.0,22.0,3322.0,,,,,,,20.0,35.45,0.0,56.0,19.0,709.0,24.0,1.0,22.0,,,,,,,,,,,,,,,,,,,,,,,,,,,,,,,,,,,,,
69bdf41e-3c32-46c1-93b8-e952edf5c61d 2018 f7ddd7fa-0bae-4f90-bc8e-669e4d6cf2de,Josh Lambo,Jaguars,2018,4,K,13,0,28,,,,,,,,,,,,,,,,,,,,,,,,,,,,,,,,,,,,,,,,,,,,,,,,,,,,,,,,,,,,,,,,,,,,,,,,,,,,,,,,,,,,,,,5.0,4.0,54.0,2.0,1.0,0.0,287.0,1.0,36.0,3283.0,,,,,,,21.0,35.286,0.0,57.0,19.0,741.0,20.0,1.0,19.0,,,,,,,,,,,,,,,,,,,,,,,,,,,,,,,,,,,,,
203b60aa-cb94-499c-a4ca-d3c6b94dddc4 2017 82d2d380-3834-4938-835f-aec541e5ece7,Ka'imi Fairbairn,Texans,2017,7,K,16,0,23,,,,,,,,,,,,,,,,,,,,,,,,,,,,,,,,,,,,,,,,,,,,,,,,,,,,,,,,,,,,,,,,,,,,,,,,,,,,,,,,,,,,,,,11.0,9.0,75.0,1.0,0.0,0.0,542.0,2.0,49.0,4718.0,,,,,,,25.0,30.32,0.0,55.0,20.0,758.0,35.0,0.0,32.0,0.0,0.0,0.0,0.0,0.0,0.0,0.0,0.0,0.0,0.0,0.0,0.0,0.0,0.0,0.0,0.0,0.0,0.0,0.0,0.0,0.0,0.0,0.0,0.0,1.0,0.0,0.0,0.0,,,,,,,,,
203b60aa-cb94-499c-a4ca-d3c6b94dddc4 2018 82d2d380-3834-4938-835f-aec541e5ece7,Ka'imi Fairbairn,Texans,2018,7,K,16,0,24,,,,,,,,,,,,,,,,,,,,,,,,,,,,,,,,,,,,,,,,,,,,,,,,,,,,,,,,,,,,,,,,,,,,,,,,,,,,,,,,,,,,,,,16.0,9.0,92.0,1.0,0.0,0.0,682.0,0.0,58.0,5885.0,,,,,,,42.0,32.429,0.0,54.0,37.0,1362.0,41.0,0.0,39.0,0.0,0.0,0.0,0.0,0.0,0.0,0.0,0.0,0.0,0.0,0.0,0.0,0.0,0.0,0.0,0.0,0.0,0.0,0.0,0.0,0.0,0.0,0.0,0.0,1.0,0.0,0.0,0.0,,,,,,,,,
4ceb866c-8eaf-49b5-9043-56228e43a2e5 2017 6680d28d-d4d2-49f6-aace-5292d3ec02c2,Harrison Butker,Chiefs,2017,7,K,13,0,22,,,,,,,,,,,,,,,,,,,,,,,,,,,,,,,,,,,,,,,,,,,,,,,,,,,,,,,,,,,,,,,,,,,,,,,,,,,,,,,,,,,,,,,8.0,3.0,78.0,0.0,0.0,0.0,318.0,2.0,61.0,5006.0,,,,,,,42.0,32.881,0.0,53.0,38.0,1381.0,28.0,0.0,28.0,,,,,,,,,,,,,,,,,,,,,,,,,,,,,,,,,,,,,
4ceb866c-8eaf-49b5-9043-56228e43a2e5 2017 f14bf5cc-9a82-4a38-bc15-d39f75ed5314,Harrison Butker,Panthers,2017,7,K,0,0,22,,,,,,,,,,,,,,,,,,,,,,,,,,,,,,,,,,,,,,,,,,,,,,,,,,,,,,,,,,,,,,,,,,,,,,,,,,,,,,,,,,,,,,,,,,,,,,,,,,,,,,,,,,,,,,,,,,,,,,,,,,,,,,,,,,,,,,,,,,,,,,,,,,,,
4ceb866c-8eaf-49b5-9043-56228e43a2e5 2018 6680d28d-d4d2-49f6-aace-5292d3ec02c2,Harrison Butker,Chiefs,2018,7,K,16,0,23,,,,,,,,,,,,,,,,,,,,,,,,,,,,,,,,,,,,,,,,,,,,,,,,,,,,,,,,,,,,,,,,,,,,,,,,,,,,,,,,,,,,,,,14.0,9.0,110.0,1.0,0.0,3.0,794.0,0.0,72.0,7000.0,,,,,,,27.0,30.815,0.0,54.0,24.0,832.0,69.0,1.0,65.0,0.0,0.0,0.0,0.0,0.0,0.0,0.0,0.0,0.0,0.0,0.0,0.0,0.0,0.0,0.0,0.0,0.0,0.0,0.0,0.0,1.0,0.0,0.0,0.0,1.0,0.0,0.0,0.0,,,,,,,,,
be449b4d-799c-4045-8e9e-e8a7fd7c2cc8 2017 1c1cec48-6352-4556-b789-35304c1a6ae1,Giorgio Tavecchio,Raiders,2017,4,K,16,0,27,,,,,,,,,,,,,,,,,,,,,,,,,1.0,5.0,,,,,,,,,,,,,,,,,,,,,,,,,,,,,,,,,,,,,,,,,,,,,,,,,,,,,,,,,,,,,7.0,7.0,64.0,1.0,1.0,0.0,298.0,0.0,48.0,4058.0,,,,,,,21.0,29.5,1.0,53.0,16.0,590.0,34.0,0.0,33.0,,,,,,,,,,,,,,,,,,,,,,,,,,,,,,,,,,,,,
be449b4d-799c-4045-8e9e-e8a7fd7c2cc8 2018 e6aa13a4-0055-48a9-bc41-be28dc106929,Giorgio Tavecchio,Falcons,2018,4,K,3,0,28,,,,,,,,,,,,,,,,,,,,,,,,,,,,,,,,,,,,,,,,,,,,,,,,,,,,,,,,,,,,,,,,,,,,,,,,,,,,,,,,,,,,,,,,,,,,,,,,,,,,,,,5.0,42.6,0.0,56.0,5.0,213.0,8.0,0.0,8.0,,,,,,,,,,,,,,,,,,,,,,,,,,,,,,,,,,,,,
059e5bb7-1842-4558-9aaf-77c352a21216 2017 386bdbf9-9eea-4869-bb9a-274b0bc66e80,Jake Elliott,Eagles,2017,4,K,15,0,22,,,,,,,,,,,,,,,,,,,,,,,,,,,,,,,,,,,,,,,,,,,,,,,,,,,,,,,,,,,,,,,,,,,,,,,,,,,,,,,,,,,,,,,13.0,8.0,84.0,1.0,1.0,1.0,857.0,2.0,42.0,5212.0,,,,,,,31.0,34.0,0.0,61.0,26.0,1054.0,42.0,0.0,39.0,0.0,0.0,0.0,0.0,0.0,0.0,0.0,0.0,0.0,0.0,0.0,0.0,0.0,0.0,0.0,0.0,0.0,0.0,0.0,0.0,0.0,0.0,0.0,0.0,1.0,0.0,0.0,0.0,,,,,,,,,
059e5bb7-1842-4558-9aaf-77c352a21216 2018 386bdbf9-9eea-4869-bb9a-274b0bc66e80,Jake Elliott,Eagles,2018,4,K,16,0,23,,,,,,,,,,,,,,,,,,,,,,,,,,,,,,,,,,,,,,,,,,,,,,,,,,,,,,,,,,,,,,,,,,,,,,,,,,,,,,,,,,,,,,,7.0,6.0,82.0,1.0,0.0,0.0,540.0,0.0,57.0,5210.0,,,,,,,31.0,29.871,0.0,56.0,26.0,926.0,35.0,0.0,33.0,,,,,,,,,,,,,,,,,,,,,,,,,,,,,,,,,,,,,
8fb2ca06-3d13-4552-98e0-7b913b4ab5b9 2017 04aa1c9d-66da-489d-b16a-1dee3f2eec4d,Aldrick Rosas,Giants,2017,2,K,16,0,23,,,,,,,,,,,,,,,,,,,,,,,,,,,,,,,,,,,,,,,,,,,,,,,,,,,,,,,,,,,,,,,,,,,,,,,,,,,,,,,,,,,,,,,10.0,9.0,62.0,2.0,0.0,2.0,656.0,0.0,26.0,3759.0,,,,,,,25.0,27.217,2.0,52.0,18.0,626.0,23.0,2.0,20.0,0.0,0.0,0.0,0.0,0.0,0.0,0.0,0.0,0.0,0.0,0.0,0.0,0.0,0.0,0.0,0.0,0.0,0.0,0.0,0.0,0.0,0.0,0.0,0.0,3.0,0.0,0.0,0.0,,,,,,,,,
8fb2ca06-3d13-4552-98e0-7b913b4ab5b9 2018 04aa1c9d-66da-489d-b16a-1dee3f2eec4d,Aldrick Rosas,Giants,2018,2,K,16,0,24,,,,,,,,,,,,,,,,,,,,,,,,,,,,,,,,,,,,,,,,,,,,,,,,,,,,,,,,,,,,,,,,,,,,,,,,,,,,,,,,,,,,,,,9.0,4.0,85.0,4.0,1.0,3.0,570.0,0.0,51.0,5186.0,,,,,,,33.0,34.606,0.0,57.0,32.0,1142.0,32.0,0.0,31.0,,,,,,,,,,,,,,,,,,,,,,,,,,,,,,,,,,,,,
f61e6429-3f9b-478c-8697-e00fe813ce9c 2017 2eff2a03-54d4-46ba-890e-2bc3925548f3,Sam Ficken,Rams,2017,5,K,2,0,25,,,,,,,,,,,,,,,,,,,,,,,,,,,,,,,,,,,,,,,,,,,,,,,,,,,,,,,,,,,,,,,,,,,,,,,,,,,,,,,,,,,,,,,2.0,0.0,8.0,0.0,0.0,0.0,109.0,0.0,5.0,511.0,,,,,,,3.0,14.667,0.0,23.0,2.0,44.0,5.0,0.0,4.0,0.0,0.0,0.0,0.0,0.0,0.0,0.0,0.0,0.0,0.0,0.0,0.0,0.0,0.0,0.0,0.0,0.0,0.0,0.0,0.0,1.0,0.0,0.0,0.0,0.0,0.0,0.0,0.0,,,,,,,,,
f61e6429-3f9b-478c-8697-e00fe813ce9c 2018 2eff2a03-54d4-46ba-890e-2bc3925548f3,Sam Ficken,Rams,2018,5,K,2,0,26,,,,,,,,,,,,,,,,,,,,,,,,,,,,,,,,,,,,,,,,,,,,,,,,,,,,,,,,,,,,,,,,,,,,,,,,,,,,,,,,,,,,,,,0.0,0.0,13.0,0.0,0.0,1.0,33.0,0.0,11.0,804.0,,,,,,,3.0,11.333,0.0,34.0,1.0,34.0,10.0,0.0,10.0,0.0,0.0,0.0,0.0,0.0,0.0,0.0,0.0,0.0,0.0,0.0,0.0,0.0,0.0,0.0,0.0,0.0,0.0,0.0,0.0,0.0,0.0,0.0,0.0,1.0,0.0,0.0,0.0,,,,,,,,,
5ffb654f-0de5-424b-aa2f-ad511deb5b51 2018 4809ecb0-abd3-451d-9c4a-92a90b83ca06,Jason Sanders,Dolphins,2018,7,K,16,0,23,,,,,,,,,,,,,,,,,,,,,,,,,,,,,,,,,,,,,,,,,,,,,,,,,,,,,,,,,,,,,,,,,,,,,,,,,,,,,,,,,,,,,,,3.0,1.0,70.0,1.0,0.0,1.0,339.0,0.0,55.0,4395.0,,,,,,,20.0,32.35,0.0,50.0,18.0,647.0,36.0,0.0,35.0,,,,,,,,,,,,,,,,,,,,,,,,,,,,,,,,,,,,,
a2aab80d-174c-4639-beac-e2b70bb3625f 2018 d5a2eb42-8065-4174-ab79-0a6fa820e35e,Greg Joseph,Browns,2018,17,K,14,0,24,,,,,,,,,,,,,,,,,,,,,,,,,1.0,5.0,,,,,,,,,,,,,,,,,,,,,,,,,,,,,,,,,,,,,,,,,,,,,,,,,,,,,,,,,,,,,8.0,3.0,69.0,1.0,0.0,1.0,458.0,0.0,47.0,4340.0,,,,,,,20.0,31.05,0.0,51.0,17.0,621.0,29.0,0.0,25.0,0.0,0.0,0.0,0.0,0.0,0.0,0.0,0.0,0.0,0.0,0.0,0.0,0.0,0.0,0.0,0.0,0.0,0.0,0.0,0.0,0.0,0.0,0.0,0.0,1.0,0.0,0.0,0.0,,,,,,,,,
bd49c4a4-1314-45e1-bff5-fc67ba41d1dd 2018 cb2f9f1f-ac67-424e-9e72-1475cb0ed398,Matt McCrane,Steelers,2018,3,K,1,0,24,,,,,,,,,,,,,,,,,,,,,,,,,,,,,,,,,,,,,,,,,,,,,,,,,,,,,,,,,,,,,,,,,,,,,,,,,,,,,,,,,,,,,,,0.0,0.0,4.0,0.0,0.0,0.0,87.0,0.0,0.0,231.0,,,,,,,3.0,40.333,0.0,47.0,3.0,121.0,1.0,0.0,1.0,,,,,,,,,,,,,,,,,,,,,,,,,,,,,,,,,,,,,
bd49c4a4-1314-45e1-bff5-fc67ba41d1dd 2018 1c1cec48-6352-4556-b789-35304c1a6ae1,Matt McCrane,Raiders,2018,3,K,3,0,24,,,,,,,,,,,,,,,,,,,,,,,,,,,,,,,,,,,,,,,,,,,,,,,,,,,,,,,,,,,,,,,,,,,,,,,,,,,,,,,,,,,,,,,3.0,4.0,13.0,1.0,0.0,0.0,162.0,0.0,3.0,761.0,,,,,,,9.0,18.778,0.0,44.0,5.0,169.0,5.0,0.0,5.0,,,,,,,,,,,,,,,,,,,,,,,,,,,,,,,,,,,,,
bd49c4a4-1314-45e1-bff5-fc67ba41d1dd 2018 de760528-1dc0-416a-a978-b510d20692ff,Matt McCrane,Cardinals,2018,3,K,1,0,24,,,,,,,,,,,,,,,,,,,,,,,,,,,,,,,,,,,,,,,,,,,,,,,,,,,,,,,,,,,,,,,,,,,,,,,,,,,,,,,,,,,,,,,1.0,0.0,4.0,0.0,0.0,0.0,53.0,0.0,2.0,258.0,,,,,,,,,,,,,3.0,0.0,3.0,,,,,,,,,,,,,,,,,,,,,,,,,,,,,,,,,,,,,
375b0d7f-8d03-4111-8c1b-62907f0326a1 2018 1f6dcffb-9823-43cd-9ff4-e7a8466749b5,Michael Badgley,Chargers,2018,4,K,10,0,23,,,,,,,,,,,,,,,,,,,,,,,,,,,,,,,,,,,,,,,,,,,,,,,,,,,,,,,,,,,,,,,,,,,,,,,,,,,,,,,,,,,,,,,12.0,5.0,54.0,0.0,0.0,0.0,962.0,1.0,9.0,3331.0,,,,,,,16.0,34.688,0.0,59.0,15.0,555.0,28.0,0.0,27.0,0.0,0.0,0.0,0.0,0.0,0.0,0.0,0.0,0.0,0.0,0.0,0.0,0.0,0.0,0.0,0.0,0.0,0.0,0.0,0.0,1.0,0.0,0.0,0.0,1.0,0.0,0.0,0.0,,,,,,,,,
7bb70550-c28a-4e47-9a13-cc0c0fef8b38 2018 1c1cec48-6352-4556-b789-35304c1a6ae1,Daniel Carlson,Raiders,2018,8,K,10,0,23,,,,,,,,,,,,,,,,,,,,,,,,,1.0,15.0,,,,,,,,,,,,,,,,,,,,,,,,,,,,,,,,,,,,,,,,,,,,,,,,,,,,,,,,,,,,,6.0,2.0,44.0,1.0,0.0,1.0,580.0,0.0,20.0,2707.0,,,,,,,17.0,38.412,0.0,50.0,16.0,653.0,18.0,0.0,18.0,0.0,0.0,0.0,0.0,0.0,0.0,0.0,0.0,0.0,0.0,0.0,0.0,0.0,0.0,0.0,0.0,0.0,0.0,0.0,0.0,1.0,0.0,0.0,0.0,1.0,0.0,0.0,0.0,,,,,,,,,
7bb70550-c28a-4e47-9a13-cc0c0fef8b38 2018 33405046-04ee-4058-a950-d606f8c30852,Daniel Carlson,Vikings,2018,8,K,2,0,23,,,,,,,,,,,,,,,,,,,,,,,,,,,,,,,,,,,,,,,,,,,,,,,,,,,,,,,,,,,,,,,,,,,,,,,,,,,,,,,,,,,,,,,0.0,0.0,10.0,0.0,0.0,0.0,8.0,0.0,9.0,627.0,,,,,,,4.0,12.0,0.0,48.0,1.0,48.0,6.0,0.0,6.0,,,,,,,,,,,,,,,,,,,,,,,,,,,,,,,,,,,,,
99c9de87-7fe1-4d5e-928e-586f48af2d79 2018 e627eec7-bbae-4fa4-8e73-8e1d6bc5c060,Brett Maher,Cowboys,2018,2,K,16,0,29,,,,,,,,,,,,,,,,,,,,,,,,,,,,,,,,,,,,,,,,,,,,,,,,,,,,,,,,,,,,,,,,,,,,,,,,,,,,,,,,,,,,,,,13.0,3.0,77.0,0.0,0.0,0.0,662.0,0.0,52.0,4984.0,,,,,,,36.0,31.229,1.0,62.0,29.0,1093.0,33.0,0.0,32.0,0.0,0.0,0.0,0.0,0.0,0.0,0.0,0.0,0.0,0.0,0.0,0.0,0.0,0.0,0.0,0.0,0.0,0.0,0.0,0.0,1.0,0.0,0.0,0.0,0.0,0.0,0.0,0.0,,,,,,,,,
